0.00142,-0.10092
0.00277,3.77541
0.00491,7.12499
0.00622,10.26880
0.00847,14.11739
0.00950,17.53886
0.01072,20.61709
0.01287,24.56607
0.01461,27.69323
0.01616,31.74569
0.01758,35.06945
0.01946,38.07091
0.02105,41.47398
0.02279,45.75448
0.02461,48.74721
0.02534,51.30785
0.02683,54.47107
0.02839,57.27733
0.03011,60.01303
0.03127,63.22981
0.03333,66.53396
0.03388,69.05315
0.03530,71.74091
0.03688,75.24693
0.03894,79.50823
0.04153,83.18225
0.04287,88.29444
0.04447,90.80598
0.04682,95.58544
0.04806,98.09251
0.04963,101.01919
0.05133,104.59500
0.05242,107.85546
0.05453,111.08676
0.05606,114.25295
0.05749,117.01011
0.05877,119.98983
0.06069,123.14107
0.06099,126.26261
0.06366,129.60824
0.06452,132.55369
0.06601,135.21925
0.06673,138.12186
0.06912,141.39902
0.07020,144.65164
0.07193,148.03356
0.07309,150.50851
0.07451,154.05494
0.07610,156.28587
0.07697,159.93502
0.07918,162.88404
0.07986,165.74532
0.08180,168.08514
0.08370,171.80347
0.08541,175.01097
0.08691,178.36192
0.08780,180.75863
0.08940,184.34959
0.09056,186.39756
0.09184,189.56141
0.09370,192.71095
0.09483,195.28681
0.09607,198.24502
0.09807,201.66803
0.09873,203.66461
0.09982,205.99819
0.10167,209.46535
0.10286,211.51904
0.10415,214.79130
0.10586,216.80422
0.10618,219.52459
0.10838,222.60689
0.10975,225.60078
0.11070,227.09645
0.11166,229.98458
0.11282,232.59382
0.11411,235.10393
0.11562,237.48890
0.11638,239.78271
0.11733,242.02172
0.11946,245.28917
0.11974,246.77960
0.12142,249.61598
0.12270,252.24526
0.12377,254.45893
0.12471,255.85935
0.12556,258.62145
0.12762,261.19300
0.12714,263.17540
0.12923,265.37800
0.12997,267.12190
0.13150,270.06053
0.13227,271.34893
0.13326,273.91270
0.13364,275.81452
0.13501,278.21200
0.13583,279.74826
0.13748,282.09600
0.13853,284.22575
0.13925,286.60767
0.13989,288.07659
0.14159,290.57222
0.14252,292.51200
0.14307,294.43897
0.14470,297.16018
0.14537,299.15119
0.14621,301.12942
0.14677,303.09821
0.14822,304.96054
0.14934,306.91466
0.14975,308.35632
0.15143,310.34224
0.15205,311.97969
0.15269,313.77767
0.15381,315.96078
0.15537,317.87558
0.15576,319.86370
0.15665,321.78084
0.15806,324.23289
0.15828,325.76736
0.15951,327.75779
0.16042,329.68508
0.16131,331.82734
0.16256,334.22572
0.16322,335.58016
0.16413,336.60758
0.16491,339.40339
0.16540,340.20722
0.16671,342.04096
0.16735,343.65161
0.16883,345.95557
0.16919,347.56662
0.17090,349.78446
0.17136,351.76499
0.17220,353.19302
0.17289,355.20632
0.17461,357.27222
0.17475,358.00379
0.17601,361.25169
0.17746,362.96855
0.17763,364.20898
0.17835,366.29040
0.17917,367.64318
0.17994,369.57088
0.18089,370.89833
0.18179,372.64867
0.18215,373.80816
0.18363,375.88063
0.18440,377.68095
0.18525,379.32263
0.18619,381.03790
0.18685,383.61870
0.18828,385.38962
0.18904,386.36758
0.18959,388.61331
0.19053,390.41953
0.19167,392.53823
0.19255,393.78359
0.19324,395.16697
0.19387,396.64383
0.19421,398.29595
0.19547,399.85344
0.19650,401.81010
0.19757,403.33267
0.19759,404.76869
0.19806,406.67226
0.19918,407.96713
0.20078,410.49711
0.20111,411.06949
0.20177,413.09881
0.20255,414.36660
0.20346,416.03132
0.20445,417.74728
0.20471,419.22730
0.20580,420.47038
0.20668,421.39095
0.20675,421.86429
0.20651,422.84314
0.20670,423.70115
0.20702,424.12935
0.20665,424.30625
0.20738,424.87595
0.20713,425.24526
0.20799,424.68805
0.20731,423.95724
0.20776,423.00426
0.20687,421.75843
0.20706,420.71844
0.20605,420.56674
0.20588,419.14609
0.20556,418.52963
0.20592,417.78842
0.20500,416.77365
0.20459,416.22658
0.20432,415.56617
0.20423,414.59869
0.20343,414.10417
0.20368,414.09361
0.20322,413.41268
0.20335,412.71237
0.20292,412.21350
0.20248,411.50741
0.20230,410.67745
0.20207,410.10766
0.20193,409.79176
0.20164,409.26270
0.20161,408.93855
0.20139,408.77427
0.20137,408.53442
0.20144,408.87305
0.20127,408.57853
0.20172,408.45745
0.20207,408.84853
0.20152,408.61436
0.20114,408.44894
0.20194,408.63001
0.20227,409.01661
0.20167,409.31786
0.20150,408.92007
0.20252,409.78665
0.20149,409.38293
0.20232,409.56836
0.20273,410.45552
0.20221,410.02619
0.20258,410.16943
0.20212,410.83654
0.20263,410.73989
0.20206,410.73838
0.20203,410.88891
0.20209,411.10189
0.20166,410.67777
0.20221,411.46073
0.20227,411.59604
0.20290,411.28370
0.20306,411.56032
0.20301,411.44657
0.20264,411.56497
0.20326,411.87445
0.20288,411.80896
0.20269,411.68790
0.20312,411.70476
0.20378,412.01395
0.20313,411.40329
0.20371,412.33632
0.20292,412.21629
0.20269,411.47982
0.20304,411.91498
0.20329,411.71213
0.20357,411.64837
0.20281,411.47792
0.20346,411.15901
0.20319,410.89283
0.20347,410.86759
0.20382,411.20357
0.20354,410.31943
0.20347,410.25052
0.20437,410.15516
0.20379,409.35948
0.20449,409.54108
0.20451,409.83080
0.20487,409.86391
0.20580,409.58648
0.20568,409.40606
0.20647,409.31769
0.20726,409.01654
0.20826,408.88271
0.20893,408.60173
0.20987,408.75303
0.21140,409.13031
0.21264,408.11743
0.21534,409.20634
0.21746,408.76068
0.21998,408.94984
0.22222,409.28309
0.22464,408.23767
0.22791,408.66461
0.23123,408.59294
0.23513,408.50410
0.23772,408.66178
0.24118,408.00371
0.24457,408.52117
0.24767,408.53699
0.25090,408.82194
0.25463,408.95373
0.25767,408.79491
0.26074,408.71991
0.26439,409.12669
0.26817,409.05767
0.27207,408.88450
0.27662,409.26580
0.28114,408.70188
0.28475,409.08652
0.29028,409.53839
0.29421,409.04281
0.30014,409.77173
0.30446,409.53713
0.31032,409.77728
0.31489,409.63010
0.32146,409.63164
0.32692,409.81806
0.33279,409.97077
0.33807,409.85456
0.34411,410.10608
0.34970,410.07137
0.35564,410.64518
0.36080,410.65518
0.36669,410.56546
0.37287,411.05801
0.37799,410.76663
0.38450,410.64149
0.39002,410.80340
0.39582,411.19746
0.40232,411.35316
0.40760,411.54074
0.41406,411.53788
0.42059,411.61048
0.42706,412.25790
0.43497,412.12896
0.44062,411.81282
0.44811,412.05496
0.45357,412.23053
0.46106,412.52952
0.46721,411.90124
0.47419,412.63492
0.48013,412.51370
0.48699,412.89977
0.49328,412.77550
0.49917,412.75805
0.50510,412.55355
0.51167,412.55752
0.51833,413.37770
0.52530,413.42015
0.53154,413.13087
0.53851,413.98521
0.54329,412.92197
0.54969,413.76157
0.55638,414.50073
0.56247,414.29820
0.56916,414.68732
0.57612,414.56055
0.58207,414.69270
0.58851,414.98430
0.59522,414.77627
0.60092,415.18316
0.60633,414.88537
0.61228,415.12123
0.61792,414.87703
0.62362,415.18277
0.62974,415.39820
0.63556,415.73374
0.64231,415.44178
0.64803,414.73212
0.65482,414.88310
0.65945,414.88966
0.66626,415.80864
0.67233,415.63844
0.67835,415.87110
0.68420,415.18242
0.69147,416.20812
0.69908,415.03230
0.70498,415.17616
0.71173,415.36991
0.71784,414.88839
0.72425,415.21719
0.73093,415.75038
0.73757,415.28126
0.74383,415.19291
0.74966,414.94453
0.75726,415.62783
0.76375,415.45915
0.77007,414.84513
0.77661,414.62769
0.78414,415.58609
0.79067,415.44253
0.79723,415.45869
0.80456,415.56425
0.81166,415.96836
0.81793,415.64870
0.82552,416.00243
0.83163,415.76102
0.83747,415.75760
0.84381,416.28078
0.85079,416.42212
0.85671,416.45997
0.86391,416.25256
0.86927,416.88306
0.87492,416.57418
0.88112,416.98237
0.88734,417.25776
0.89343,417.26022
0.89846,417.32841
0.90517,417.71010
0.91070,417.27410
0.91680,417.37929
0.92303,417.60077
0.92833,417.36910
0.93304,416.93465
0.93793,417.37293
0.94248,417.15078
0.94696,417.39626
0.95164,417.28745
0.95574,417.93162
0.95955,417.41588
0.96401,417.65938
0.96754,417.15426
0.97109,417.03505
0.97542,417.72749
0.97890,417.56794
0.98311,417.51036
0.98676,417.27003
0.99126,416.77100
0.99491,416.97936
0.99793,416.69095
1.00166,416.47502
1.00594,417.26958
1.00956,417.00516
1.01310,416.40637
1.01711,416.46739
1.02145,416.09806
1.02578,416.52602
1.02954,416.66365
1.03312,416.61377
1.03821,416.78908
1.04245,415.99951
1.04639,416.43017
1.04999,416.90861
1.05393,416.22415
1.05925,417.04535
1.06241,417.06543
1.06671,417.01702
1.07101,416.90384
1.07538,417.23297
1.07947,417.42297
1.08375,417.33932
1.08755,417.44142
1.09109,417.39736
1.09503,417.84286
1.09950,417.95500
1.10298,417.77144
1.10745,418.15986
1.11110,418.02024
1.11610,418.67537
1.11953,418.22585
1.12340,418.38125
1.12720,418.63187
1.13097,419.04707
1.13514,419.21213
1.13779,419.40862
1.14128,419.58698
1.14568,419.56034
1.14905,420.03412
1.15217,420.26589
1.15615,420.74048
1.16005,420.93560
1.16353,421.06817
1.16737,421.19007
1.17143,421.33595
1.17449,421.59073
1.17916,421.88409
1.18286,421.64545
1.18557,421.41990
1.18978,421.76533
1.19314,422.05276
1.19624,421.94891
1.19932,422.08501
1.20211,422.48712
1.20557,422.57139
1.20918,422.94456
1.21168,423.11106
1.21435,423.55466
1.21715,423.35641
1.21943,423.62691
1.22293,424.01720
1.22525,423.94992
1.22848,424.53757
1.23062,424.77793
1.23460,425.06018
1.23776,425.43875
1.24066,425.31569
1.24345,425.70146
1.24594,425.94226
1.24810,425.90746
1.25119,426.07893
1.25452,426.16322
1.25764,426.82762
1.26053,426.82195
1.26194,426.82790
1.26526,427.25688
1.26738,426.89533
1.27007,427.69026
1.27245,427.76345
1.27482,427.92757
1.27772,428.20827
1.28070,427.76642
1.28332,426.97227
1.28617,426.14042
1.28917,425.15712
1.29058,423.95610
1.29310,423.98743
1.29486,422.80667
1.29671,421.87745
1.29765,421.51234
1.29980,421.34541
1.30101,420.61279
1.30305,420.39366
1.30391,421.21129
1.30622,420.86742
1.30754,421.72854
1.30968,422.18683
1.31262,423.95181
1.31432,424.19534
1.31631,425.26902
1.31853,425.97794
1.32124,427.40485
1.32413,428.22230
1.32577,428.75315
1.32884,429.56654
1.33179,430.85168
1.33391,430.75207
1.33710,432.29847
1.34037,432.45711
1.34293,432.80472
1.34539,433.43400
1.34910,434.98718
1.35217,435.25582
1.35493,435.04737
1.35772,435.15418
1.36025,435.68009
1.36262,436.00852
1.36597,436.46479
1.36877,436.55300
1.37096,436.98106
1.37434,437.30068
1.37681,437.51192
1.37906,437.80339
1.38218,438.40518
1.38428,438.44623
1.38736,439.04537
1.39007,439.56532
1.39286,439.53157
1.39522,439.87094
1.39824,440.22986
1.40076,440.64104
1.40403,440.69635
1.40686,441.04430
1.40853,441.11964
1.41141,441.66587
1.41376,441.48450
1.41649,442.05909
1.41920,442.73108
1.42178,442.88169
1.42387,443.04257
1.42689,443.35508
1.42987,443.15847
1.43186,443.77133
1.43488,443.99608
1.43729,444.33771
1.43993,444.71195
1.44269,445.30801
1.44554,445.24897
1.44818,445.70063
1.45059,445.39121
1.45313,446.23750
1.45568,446.37305
1.45814,446.68500
1.46065,446.52624
1.46258,447.07496
1.46561,447.19459
1.46779,447.58377
1.47105,448.48989
1.47370,447.87162
1.47626,448.66907
1.47854,448.87108
1.48118,449.12823
1.48416,449.19172
1.48679,449.64458
1.48931,449.68567
1.49141,449.84280
1.49435,450.42614
1.49704,450.47366
1.49925,450.71809
1.50253,451.21885
1.50551,451.70596
1.50823,451.97545
1.51111,451.98152
1.51402,452.46563
1.51616,452.51457
1.51894,452.83300
1.52135,452.89436
1.52388,453.27038
1.52752,453.63431
1.52990,453.81142
1.53246,454.26798
1.53578,454.63796
1.53875,454.91411
1.54147,455.06187
1.54442,455.80757
1.54632,455.43297
1.54918,455.81862
1.55283,456.47795
1.55470,456.23860
1.55833,456.82079
1.56127,456.84662
1.56344,457.22857
1.56595,457.54622
1.56946,458.11353
1.57246,457.87111
1.57542,458.51109
1.57820,458.70713
1.58030,458.75746
1.58371,459.47619
1.58646,459.38362
1.58983,459.73170
1.59270,460.11332
1.59553,460.41556
1.59799,460.35856
1.60095,460.51468
1.60405,461.17540
1.60685,461.41312
1.60946,461.39262
1.61187,461.38015
1.61510,462.56676
1.61858,462.54029
1.62121,462.83286
1.62435,462.91778
1.62601,462.97309
1.63045,463.62768
1.63225,463.73036
1.63543,463.63405
1.63815,463.96847
1.64072,464.51646
1.64381,464.85185
1.64707,464.95059
1.64937,465.08900
1.65251,465.43898
1.65435,465.60735
1.65792,466.09322
1.66051,466.26955
1.66385,466.54933
1.66647,466.66912
1.66920,466.66552
1.67232,467.33970
1.67534,467.40706
1.67827,467.53051
1.68105,467.89120
1.68261,467.89367
1.68630,468.65437
1.68927,469.15240
1.69163,468.78346
1.69475,469.55858
1.69815,469.21370
1.70056,469.49965
1.70271,470.13235
1.70634,470.37436
1.70862,470.06903
1.71102,470.63526
1.71387,471.00912
1.71709,471.22449
1.71892,471.26614
1.72241,471.73731
1.72458,472.14169
1.72784,472.19019
1.73063,472.52104
1.73265,472.52116
1.73642,473.16648
1.73929,473.29975
1.74212,473.61515
1.74476,473.49465
1.74775,473.88248
1.75001,474.25379
1.75331,474.32920
1.75592,474.57559
1.75906,474.56162
1.76179,475.17216
1.76447,475.03406
1.76752,475.80125
1.77018,475.68394
1.77300,475.92553
1.77561,476.47676
1.77833,476.18232
1.78062,476.92651
1.78424,477.26808
1.78689,477.45641
1.79014,477.88831
1.79302,477.65711
1.79616,478.24788
1.79871,478.31227
1.80200,478.87537
1.80382,478.55093
1.80722,478.91526
1.81008,479.20356
1.81299,479.35202
1.81570,480.06895
1.81887,480.01926
1.82143,480.01559
1.82406,480.32812
1.82735,480.94090
1.83039,480.95119
1.83363,481.45600
1.83669,481.37593
1.83922,481.87110
1.84222,481.91674
1.84563,482.35026
1.84777,482.58415
1.85095,482.90618
1.85380,482.72398
1.85666,483.44169
1.85953,483.76886
1.86290,483.42091
1.86543,483.73878
1.86814,484.11667
1.87082,483.95619
1.87427,484.70836
1.87669,484.62803
1.87910,485.07460
1.88224,485.42257
1.88526,485.73994
1.88743,485.90203
1.89099,485.65505
1.89347,485.76848
1.89656,486.48374
1.89911,486.52087
1.90234,487.10872
1.90461,486.69390
1.90731,487.24098
1.91040,487.92558
1.91326,487.90602
1.91643,487.91037
1.91918,488.32487
1.92159,488.77539
1.92372,488.62091
1.92713,489.04681
1.93071,489.68520
1.93340,489.59145
1.93679,489.90595
1.93933,490.34752
1.94275,490.39281
1.94553,490.66065
1.94874,490.83447
1.95125,491.06565
1.95427,491.30301
1.95658,491.31456
1.96059,491.64288
1.96299,491.92258
1.96627,492.48370
1.96792,492.09758
1.97132,492.39668
1.97396,492.36223
1.97761,493.14431
1.97965,493.41297
1.98289,493.54220
1.98575,494.02037
1.98900,494.07249
1.99195,493.76619
1.99485,495.18123
1.99765,494.75850
2.00029,494.58258
2.00287,495.13116
2.00648,495.46422
2.00892,495.52533
2.01211,496.10074
2.01549,495.98915
2.01747,496.04278
2.02122,496.38546
2.02379,496.47554
2.02650,496.97795
2.02885,497.21695
2.03237,497.31640
2.03475,497.61441
2.03802,498.00676
2.04131,497.98325
2.04357,498.06882
2.04664,498.20312
2.04963,498.71005
2.05197,499.14518
2.05513,499.02418
2.05824,499.63303
2.06082,499.77228
2.06380,500.00576
2.06648,499.60501
2.07021,500.19039
2.07278,500.75937
2.07546,500.65620
2.07905,501.13843
2.08181,501.27793
2.08359,501.15872
2.08785,501.81605
2.09036,502.33120
2.09321,502.01832
2.09662,502.57374
2.09926,502.51134
2.10247,502.58355
2.10544,502.74095
2.10787,503.23428
2.11103,503.53556
2.11378,503.02783
2.11665,503.85602
2.11940,503.98268
2.12252,504.49745
2.12541,504.75650
2.12849,504.67829
2.13143,505.16358
2.13406,505.25493
2.13691,505.46642
2.14005,505.88661
2.14282,505.36965
2.14592,506.08681
2.14919,506.33277
2.15158,505.99090
2.15487,506.63828
2.15708,506.91547
2.16038,507.36294
2.16288,507.44271
2.16593,507.58796
2.16957,508.16962
2.17164,507.61416
2.17488,508.04372
2.17812,508.44913
2.17964,508.36860
2.18412,508.88989
2.18609,509.04250
2.18927,509.39126
2.19187,509.50467
2.19460,509.37560
2.19696,509.74514
2.20041,510.03814
2.20275,510.17070
2.20629,510.85210
2.20831,510.55689
2.21200,511.00331
2.21441,511.42971
2.21704,511.22423
2.22047,511.84165
2.22325,511.84125
2.22521,511.60035
2.22920,512.38556
2.23213,512.36587
2.23514,512.82714
2.23741,512.55116
2.24135,513.19143
2.24328,512.81095
2.24663,513.41815
2.24966,513.78024
2.25221,513.97377
2.25507,513.91976
2.25819,514.48918
2.26095,514.78315
2.26304,514.46809
2.26658,515.11427
2.26973,515.45158
2.27197,515.09493
2.27489,515.84505
2.27747,515.83175
2.28084,515.70623
2.28343,516.30977
2.28622,516.26480
2.28960,516.82398
2.29248,516.83482
2.29579,517.21963
2.29811,517.38277
2.30136,517.25489
2.30382,517.69967
2.30683,518.01902
2.31034,517.94712
2.31263,518.06454
2.31508,518.41471
2.31922,518.79024
2.32104,518.45266
2.32441,519.02008
2.32782,519.56009
2.33022,519.62959
2.33323,520.10274
2.33527,519.39099
2.33843,520.27523
2.34158,520.12235
2.34461,520.50648
2.34698,520.43190
2.35056,520.78150
2.35352,521.05356
2.35615,521.20735
2.35879,521.51721
2.36169,521.72776
2.36488,522.08397
2.36715,522.15380
2.37061,522.27805
2.37365,522.80818
2.37667,522.31059
2.37989,523.01281
2.38279,523.30378
2.38540,523.44625
2.38781,523.44799
2.39142,524.00393
2.39416,523.92844
2.39711,524.23149
2.40052,524.01984
2.40270,524.31998
2.40592,524.86170
2.40863,525.13317
2.41169,525.46691
2.41505,525.14564
2.41811,525.57949
2.42078,526.01456
2.42347,525.92384
2.42680,526.18357
2.42946,526.35732
2.43276,526.39239
2.43524,526.42271
2.43838,527.12901
2.44128,527.45345
2.44415,527.93504
2.44700,526.96657
2.44973,527.85256
2.45386,528.18729
2.45583,527.99775
2.45924,528.51263
2.46111,528.64621
2.46482,528.94145
2.46714,528.74449
2.47031,529.23581
2.47288,529.33090
2.47609,529.55870
2.47922,529.68635
2.48235,529.88915
2.48571,529.93308
2.48810,530.50722
2.49128,530.87462
2.49368,530.65928
2.49695,530.79043
2.49926,530.93721
2.50332,531.51124
2.50504,531.29915
2.50890,531.76151
2.51214,531.96064
2.51436,532.43510
2.51729,532.02055
2.52036,532.61758
2.52315,532.20117
2.52583,532.89156
2.52880,533.01978
2.53139,533.44119
2.53451,533.40283
2.53758,533.83329
2.54008,533.56356
2.54284,533.82890
2.54641,534.37538
2.54939,534.64362
2.55183,534.70390
2.55538,534.86856
2.55740,534.88219
2.56102,535.09766
2.56318,535.40376
2.56631,535.69544
2.56923,536.02560
2.57280,535.97804
2.57549,535.87275
2.57819,536.39569
2.58078,536.49689
2.58343,536.60223
2.58651,536.85853
2.58955,537.46005
2.59258,537.30138
2.59584,537.72981
2.59792,537.23525
2.60060,537.50135
2.60486,538.60591
2.60712,538.16328
2.61065,538.71436
2.61310,538.24972
2.61607,538.53873
2.61899,538.86672
2.62185,539.28812
2.62474,539.09954
2.62819,539.70562
2.63022,539.48633
2.63312,539.87946
2.63645,540.06153
2.63905,540.40262
2.64226,540.35032
2.64441,540.37208
2.64758,540.91796
2.65143,541.57205
2.65445,541.25969
2.65741,541.29460
2.65952,541.33073
2.66323,541.74772
2.66612,542.08566
2.66909,541.96180
2.67200,542.83277
2.67473,542.04620
2.67750,542.65434
2.68034,543.16352
2.68294,542.96440
2.68647,543.26148
2.68947,543.58125
2.69160,543.64513
2.69481,543.87369
2.69836,544.15856
2.70079,544.01200
2.70436,544.43238
2.70709,544.56133
2.71053,544.64181
2.71317,544.59337
2.71562,544.62511
2.71836,545.20883
2.72168,545.50129
2.72438,545.40067
2.72673,545.81504
2.73059,546.20210
2.73332,546.19775
2.73614,546.21724
2.73884,546.37004
2.74202,546.85851
2.74496,546.82324
2.74820,547.41856
2.75106,547.31683
2.75411,547.20195
2.75726,548.16977
2.76042,547.79472
2.76296,548.07218
2.76625,548.04208
2.76967,548.74475
2.77180,548.37958
2.77529,548.63146
2.77798,548.80366
2.78027,548.92274
2.78385,549.41906
2.78689,549.09383
2.78990,549.74851
2.79247,549.80157
2.79518,549.75564
2.79757,549.93013
2.80153,550.53377
2.80433,550.72050
2.80733,551.06390
2.81012,550.69516
2.81294,550.82495
2.81574,551.26711
2.81907,551.73761
2.82150,550.80086
2.82487,552.25770
2.82769,551.80448
2.83081,551.96418
2.83361,551.77515
2.83669,552.59219
2.83928,552.78773
2.84259,552.76309
2.84552,552.95908
2.84846,553.20917
2.85073,552.91631
2.85399,553.32780
2.85660,553.68622
2.85996,553.76076
2.86234,553.97146
2.86544,554.33570
2.86840,554.31314
2.87189,554.47035
2.87421,554.57406
2.87728,554.99139
2.88037,554.79186
2.88302,555.29354
2.88627,555.50561
2.88933,555.47843
2.89210,555.84159
2.89502,555.86588
2.89757,555.54099
2.90108,556.35222
2.90369,556.44735
2.90654,556.58117
2.90959,556.78619
2.91289,556.78005
2.91484,557.15444
2.91865,557.59436
2.92158,557.87687
2.92401,557.45739
2.92695,557.71295
2.93016,557.71880
2.93274,558.01252
2.93559,557.99452
2.93878,558.84547
2.94214,558.63628
2.94382,559.03633
2.94720,559.22530
2.94994,559.14185
2.95390,559.73896
2.95609,559.10317
2.95916,559.60346
2.96189,560.02788
2.96541,560.27475
2.96827,560.43226
2.97080,560.30589
2.97400,560.44230
2.97736,560.63160
2.98004,561.02386
2.98228,560.84464
2.98536,561.52186
2.98869,561.18543
2.99171,561.34411
2.99398,561.89642
2.99662,561.44455
2.99995,562.58090
3.00354,562.21985
3.00658,562.41228
3.00928,562.60224
3.01172,562.43663
3.01475,562.97629
3.01776,562.98553
3.02113,563.40409
3.02400,563.67382
3.02633,563.29461
3.02943,563.65550
3.03175,563.58652
3.03455,564.23248
3.03818,564.24839
3.04051,564.42721
3.04362,564.29353
3.04701,565.04390
3.05022,564.98001
3.05312,565.24210
3.05607,564.92890
3.05824,565.19407
3.06162,565.51898
3.06414,565.68882
3.06751,565.94540
3.07066,566.36582
3.07345,565.80232
3.07664,566.52942
3.07977,566.76221
3.08236,566.73033
3.08539,566.63941
3.08798,566.95522
3.09097,567.18498
3.09419,567.46939
3.09682,567.83957
3.09941,567.52496
3.10274,567.88757
3.10623,568.18675
3.10883,568.15431
3.11192,568.36816
3.11482,568.06584
3.11734,568.43202
3.12053,568.84303
3.12426,569.18909
3.12647,568.94487
3.12922,569.39170
3.13216,569.48797
3.13465,569.44695
3.13826,569.80205
3.14110,569.72578
3.14420,570.34837
3.14675,570.40472
3.14999,570.34272
3.15270,570.40316
3.15588,570.98408
3.15916,571.26133
3.16230,571.07000
3.16547,571.63542
3.16813,571.01994
3.17096,571.60870
3.17371,571.56182
3.17627,571.79111
3.17974,572.14330
3.18327,572.33827
3.18558,572.16220
3.18843,572.20734
3.19105,572.60123
3.19446,572.73214
3.19775,572.96369
3.20038,573.04425
3.20319,573.27547
3.20578,573.54548
3.20857,573.44278
3.21161,573.61344
3.21434,574.25585
3.21769,574.17418
3.22066,574.21186
3.22390,574.30317
3.22700,574.56147
3.23064,575.41081
3.23233,574.50615
3.23615,575.26705
3.23842,575.22004
3.24141,575.41640
3.24441,575.71748
3.24750,575.98961
3.25043,575.72626
3.25355,576.09541
3.25611,576.06690
3.25919,576.34486
3.26226,576.31371
3.26447,576.37524
3.26794,576.93564
3.27067,576.67062
3.27336,576.97594
3.27705,577.07480
3.27922,577.40181
3.28252,577.59820
3.28509,577.45233
3.28854,577.78439
3.29162,578.15185
3.29395,578.21605
3.29674,578.11554
3.30011,578.56593
3.30365,578.58126
3.30625,578.83246
3.30943,578.87049
3.31191,578.87438
3.31444,578.94574
3.31795,579.55538
3.32132,579.82040
3.32390,579.94536
3.32776,580.16311
3.32974,579.86177
3.33313,580.47881
3.33594,580.09522
3.33868,580.27434
3.34238,580.73991
3.34461,580.46181
3.34709,580.49732
3.35044,581.24653
3.35374,581.56046
3.35595,581.38850
3.35912,581.89678
3.36198,581.57219
3.36532,581.62581
3.36794,582.26628
3.37139,582.45687
3.37438,582.19332
3.37685,582.29232
3.38020,582.62428
3.38303,583.24130
3.38685,583.05763
3.38898,582.89528
3.39221,583.48815
3.39517,583.71722
3.39842,583.35355
3.40096,583.77112
3.40411,584.14837
3.40705,583.89219
3.41026,583.58559
3.41211,584.32105
3.41643,584.69658
3.41897,584.62185
3.42239,584.82565
3.42466,584.78636
3.42773,585.01447
3.43063,585.45253
3.43408,585.61586
3.43697,585.73169
3.44003,585.75436
3.44218,585.89514
3.44574,586.04818
3.44841,585.68603
3.45188,586.38859
3.45460,586.40353
3.45735,586.55922
3.46085,586.83682
3.46375,586.64446
3.46607,586.69203
3.46893,586.79756
3.47204,587.09282
3.47527,587.49631
3.47789,587.41628
3.48092,587.54910
3.48434,587.74658
3.48690,588.04686
3.49056,588.26390
3.49298,588.43270
3.49665,588.65954
3.49888,588.67991
3.50168,588.69074
3.50537,588.78262
3.50786,588.62972
3.51080,589.01613
3.51360,588.90154
3.51639,589.53354
3.51943,589.46523
3.52274,589.77940
3.52528,589.93827
3.52834,589.93111
3.53112,590.17853
3.53382,590.20525
3.53712,590.58180
3.54055,590.97290
3.54320,590.89374
3.54667,590.66076
3.54858,590.96827
3.55212,591.19192
3.55491,591.50237
3.55801,591.51681
3.56038,591.70076
3.56382,591.85640
3.56708,592.09489
3.56986,592.40234
3.57317,592.07996
3.57579,592.08211
3.57916,592.37058
3.58122,592.59296
3.58502,593.02177
3.58843,593.29737
3.59098,592.54594
3.59388,593.23074
3.59680,592.76304
3.59991,593.60372
3.60293,594.07091
3.60549,593.51742
3.60939,593.60205
3.61230,594.30022
3.61508,594.37913
3.61789,594.52093
3.62143,594.84873
3.62475,594.94626
3.62699,594.59729
3.63032,594.61376
3.63304,594.93051
3.63567,595.00552
3.63873,595.04335
3.64201,595.57222
3.64492,595.65494
3.64796,595.73801
3.65182,596.14669
3.65382,595.79164
3.65713,596.02895
3.66019,596.51090
3.66318,596.51106
3.66599,596.66713
3.66920,597.10949
3.67148,596.54018
3.67510,597.14465
3.67777,597.39001
3.68056,597.10957
3.68342,597.42164
3.68668,597.33501
3.68923,597.87608
3.69164,597.79834
3.69479,597.83544
3.69876,598.30976
3.70167,597.95816
3.70446,598.47858
3.70713,598.61180
3.71018,598.80201
3.71349,598.80715
3.71618,598.74432
3.71950,599.11616
3.72185,599.20117
3.72589,599.78101
3.72869,599.60863
3.73108,599.51158
3.73441,599.64611
3.73725,600.21585
3.74003,600.33679
3.74321,600.13900
3.74595,600.66703
3.74880,600.05306
3.75306,600.92020
3.75545,600.84315
3.75777,600.66471
3.76093,601.06300
3.76412,601.02024
3.76719,601.40376
3.76997,601.31955
3.77282,601.71830
3.77580,601.65361
3.77953,601.94489
3.78171,602.13726
3.78561,602.21000
3.78818,602.03549
3.79127,602.55687
3.79494,602.81451
3.79750,602.67563
3.80103,603.00372
3.80341,602.71380
3.80623,602.96161
3.80957,603.12275
3.81245,603.51399
3.81518,603.56979
3.81754,603.19187
3.82019,603.55538
3.82368,604.13524
3.82671,603.95710
3.82976,604.48155
3.83259,604.16152
3.83544,604.09418
3.83893,604.53313
3.84182,604.78792
3.84576,605.33523
3.84781,604.68596
3.85090,604.78960
3.85360,605.10091
3.85622,605.02292
3.85909,605.79292
3.86144,605.35545
3.86511,605.65910
3.86783,605.55664
3.87125,605.87226
3.87354,605.92609
3.87650,606.43878
3.87897,605.96373
3.88214,606.21463
3.88611,607.05617
3.88874,606.76806
3.89102,606.56073
3.89402,606.99665
3.89776,607.44530
3.90032,607.19031
3.90354,607.48005
3.90665,607.31510
3.90988,607.95934
3.91281,607.68264
3.91521,607.54340
3.91899,608.30169
3.92195,608.23049
3.92478,608.43078
3.92768,608.65646
3.93063,608.59321
3.93322,608.43741
3.93667,609.08469
3.93903,609.03934
3.94307,609.55095
3.94514,609.43323
3.94855,609.19606
3.95090,609.34204
3.95457,609.80567
3.95826,610.07081
3.96111,610.28535
3.96406,609.88841
3.96709,609.94131
3.96995,610.22936
3.97295,610.45441
3.97581,610.64718
3.97891,610.38042
3.98154,610.41976
3.98453,611.05107
3.98785,611.18253
3.99072,610.88334
3.99379,611.54070
3.99669,611.51663
3.99950,611.67494
4.00242,611.63099
4.00542,611.85731
4.00849,611.91372
4.01111,611.85592
4.01421,611.96023
4.01710,612.33921
4.01946,612.15790
4.02306,612.27476
4.02623,612.56643
4.02850,612.81564
4.03249,613.30207
4.03520,612.88515
4.03801,613.19801
4.04085,612.99643
4.04349,613.65246
4.04690,613.44669
4.04970,613.96066
4.05327,613.99438
4.05644,613.97658
4.05921,614.18197
4.06185,614.31724
4.06509,614.11039
4.06876,615.04872
4.07083,614.19836
4.07364,614.35349
4.07715,615.24985
4.07946,614.93354
4.08293,615.27705
4.08590,615.38297
4.08821,615.30741
4.09165,615.50502
4.09487,615.46411
4.09785,615.56297
4.10076,615.88298
4.10312,615.77351
4.10675,616.02139
4.10944,615.97755
4.11232,616.41188
4.11512,616.62502
4.11820,616.54342
4.12140,616.57854
4.12463,616.61448
4.12663,617.12623
4.12947,616.75477
4.13282,617.19242
4.13606,617.45912
4.13911,617.74165
4.14251,617.88222
4.14514,617.61730
4.14858,617.39709
4.15116,618.08560
4.15435,617.82247
4.15739,618.29152
4.16062,618.38305
4.16299,618.46331
4.16620,618.50587
4.16993,618.79986
4.17290,619.04291
4.17546,618.94811
4.17857,618.70221
4.18126,619.32849
4.18483,619.04632
4.18798,619.21582
4.19067,619.35322
4.19316,619.36058
4.19616,619.85442
4.19959,619.50725
4.20192,619.91908
4.20603,620.27229
4.20854,619.71335
4.21162,620.21784
4.21462,620.27753
4.21719,620.46103
4.22111,620.76582
4.22353,620.73592
4.22673,621.53501
4.22965,620.70324
4.23219,621.29330
4.23571,621.34313
4.23854,621.29955
4.24199,621.68206
4.24455,621.59738
4.24810,622.04435
4.25040,621.96408
4.25334,621.96440
4.25643,622.16717
4.25972,622.53467
4.26302,622.37632
4.26537,622.06017
4.26890,623.06388
4.27223,622.67246
4.27510,623.34903
4.27796,622.99011
4.28107,623.33446
4.28425,623.15618
4.28671,623.05879
4.29010,623.63375
4.29305,623.73824
4.29595,623.63597
4.29897,623.72724
4.30221,624.02349
4.30466,623.86868
4.30822,624.43281
4.31125,624.26911
4.31407,624.35915
4.31651,624.68073
4.31977,624.56655
4.32275,624.49025
4.32576,624.69488
4.32882,625.19505
4.33197,625.10834
4.33455,624.91594
4.33771,625.14438
4.34103,625.64997
4.34417,625.45589
4.34720,625.55222
4.35043,625.86029
4.35301,625.81314
4.35658,626.43675
4.35903,625.98597
4.36254,626.33784
4.36543,626.01931
4.36814,626.46690
4.37145,626.57739
4.37421,626.67570
4.37745,626.46387
4.38048,627.21352
4.38437,627.24492
4.38582,626.54046
4.38923,627.00819
4.39225,627.33404
4.39473,626.92092
4.39818,627.48371
4.40136,627.96384
4.40467,627.85231
4.40716,628.07486
4.40986,627.77322
4.41363,628.52518
4.41634,628.46226
4.41998,628.33252
4.42247,628.43799
4.42545,628.45285
4.42802,628.87404
4.43153,629.06592
4.43519,628.92542
4.43754,629.07466
4.44015,629.11895
4.44382,629.05390
4.44668,629.49972
4.44876,628.94440
4.45257,629.71903
4.45553,629.79818
4.45858,630.07898
4.46133,630.22392
4.46476,630.18693
4.46773,630.30819
4.47059,630.33858
4.47399,630.52389
4.47706,630.33983
4.48052,631.00979
4.48340,630.85838
4.48702,631.21097
4.49010,631.29569
4.49286,631.03730
4.49627,631.24680
4.49876,631.24100
4.50219,631.42444
4.50508,631.31588
4.50736,631.58536
4.51071,631.64865
4.51314,631.90217
4.51692,632.01447
4.52037,632.48012
4.52297,632.14671
4.52589,632.20485
4.52870,632.39492
4.53218,632.51250
4.53529,632.66222
4.53769,632.60439
4.54142,633.09005
4.54462,633.09587
4.54777,632.92871
4.55090,633.87606
4.55334,632.76751
4.55532,632.81257
4.55914,633.38552
4.56212,633.76870
4.56574,633.86919
4.56839,633.60244
4.57110,634.08688
4.57412,634.20798
4.57758,634.09849
4.58027,634.11891
4.58354,634.81862
4.58717,634.57172
4.58998,634.80512
4.59285,635.10815
4.59567,634.74773
4.59946,635.14975
4.60206,635.25421
4.60508,635.04449
4.60811,635.12579
4.61174,635.31694
4.61357,635.39638
4.61709,635.65975
4.62010,635.65235
4.62315,635.61197
4.62611,636.12415
4.62953,636.16305
4.63275,636.47156
4.63576,635.82811
4.63770,636.23348
4.64148,636.56706
4.64430,636.38426
4.64758,636.79346
4.65120,637.01493
4.65310,636.97352
4.65662,637.18808
4.65973,637.16624
4.66334,636.88871
4.66629,637.48015
4.66947,637.59926
4.67243,637.62319
4.67568,637.77272
4.67861,637.74998
4.68135,637.96103
4.68408,638.14579
4.68773,638.23627
4.69105,638.17349
4.69397,638.66388
4.69747,638.56316
4.69981,638.22972
4.70326,638.81145
4.70586,638.57509
4.70946,639.09437
4.71169,638.59803
4.71580,639.56480
4.71824,638.78144
4.72096,638.96276
4.72421,639.42409
4.72762,639.58842
4.73050,639.43044
4.73435,639.78205
4.73658,639.34192
4.73958,639.98926
4.74218,640.09007
4.74536,639.79683
4.74873,640.37973
4.75212,640.30820
4.75415,640.51346
4.75776,640.41904
4.76067,640.57163
4.76330,640.42629
4.76675,640.73675
4.76976,640.94738
4.77343,641.40466
4.77620,640.66730
4.77910,641.11112
4.78141,641.27448
4.78488,641.39291
4.78770,641.80470
4.79124,641.65978
4.79352,641.26020
4.79765,642.52142
4.80017,641.56459
4.80314,641.83282
4.80568,642.21595
4.80952,642.15834
4.81259,642.15531
4.81558,642.57950
4.81831,642.86269
4.82137,642.45993
4.82420,642.38044
4.82740,642.84529
4.83054,642.91241
4.83365,643.21451
4.83626,643.05661
4.83963,643.69213
4.84277,643.33977
4.84502,643.19980
4.84863,643.35222
4.85152,643.62037
4.85434,643.56626
4.85731,643.79343
4.86117,644.02464
4.86423,644.40021
4.86657,643.95788
4.86948,644.14156
4.87232,644.74067
4.87517,643.86592
4.87928,644.91962
4.88198,644.53091
4.88477,644.95360
4.88762,645.20072
4.89080,645.02514
4.89402,645.26852
4.89661,645.27915
4.90005,645.38106
4.90326,645.23568
4.90612,645.35168
4.90875,645.63694
4.91162,645.71809
4.91487,645.55685
4.91824,646.13131
4.92101,645.79604
4.92422,646.18405
4.92735,646.30595
4.93035,646.52772
4.93382,646.52666
4.93741,646.59818
4.93986,646.78152
4.94285,646.94890
4.94613,646.69729
4.94938,647.04058
4.95215,646.75256
4.95577,647.40525
4.95871,647.57424
4.96173,647.48572
4.96465,647.06507
4.96757,647.32334
4.96967,647.30236
4.97264,647.65294
4.97652,647.97700
4.97934,648.09283
4.98242,648.15579
4.98477,648.22766
4.98881,648.11891
4.99092,648.25176
4.99433,648.13762
4.99760,648.56024
5.00055,648.68842
5.00272,648.72508
5.00699,648.85130
5.00995,649.29939
5.01257,648.89542
5.01553,648.73181
5.01898,649.25808
5.02159,649.03438
5.02512,649.38129
5.02716,649.08353
5.03061,649.74646
5.03386,649.69581
5.03688,649.92907
5.04012,649.73759
5.04342,650.40297
5.04587,649.85277
5.04915,649.82916
5.05262,650.31036
5.05601,650.61099
5.05830,650.24537
5.06158,650.67249
5.06465,650.72991
5.06817,651.05500
5.07062,650.65375
5.07413,650.65966
5.07683,651.08979
5.07983,650.89493
5.08268,651.32243
5.08591,651.21921
5.08906,651.21440
5.09188,651.21929
5.09493,651.42027
5.09825,651.54883
5.10134,651.59646
5.10374,651.54353
5.10730,652.03860
5.11087,652.18855
5.11337,651.88008
5.11650,652.11137
5.11967,652.77806
5.12230,652.40434
5.12599,652.73859
5.12906,652.23271
5.13192,652.62733
5.13495,652.62302
5.13827,653.02778
5.14083,653.02147
5.14380,653.25401
5.14764,653.34619
5.15012,653.05769
5.15358,653.55994
5.15617,653.23976
5.15947,653.33182
5.16193,653.33299
5.16620,653.92834
5.16904,653.98479
5.17134,654.20420
5.17502,653.84241
5.17743,653.82146
5.18083,654.09446
5.18394,654.74262
5.18753,654.61502
5.18979,654.37659
5.19278,654.58034
5.19581,654.50068
5.19861,654.52267
5.20213,654.73933
5.20502,654.94526
5.20798,655.14501
5.21038,654.91787
5.21332,654.78712
5.21680,655.45112
5.21979,655.59597
5.22357,655.73337
5.22611,655.64445
5.22982,655.98953
5.23225,655.71051
5.23536,655.54023
5.23881,656.34498
5.24185,656.07795
5.24466,656.15317
5.24777,656.41147
5.25072,656.06972
5.25309,656.23107
5.25655,656.49945
5.26003,656.56707
5.26239,656.52389
5.26578,656.51232
5.26868,656.70659
5.27186,657.04845
5.27534,657.25756
5.27763,656.90536
5.28088,657.19497
5.28364,657.40187
5.28695,657.59849
5.29048,657.84898
5.29392,657.86747
5.29622,657.82039
5.29941,657.45676
5.30232,657.36714
5.30519,657.87799
5.30838,658.11577
5.31121,657.95612
5.31433,658.27889
5.31739,658.48497
5.32075,658.45769
5.32340,658.42275
5.32687,658.62522
5.32989,658.60458
5.33294,658.85485
5.33643,659.10969
5.33878,659.12137
5.34195,659.20307
5.34552,658.87595
5.34813,658.98300
5.35142,659.32626
5.35386,659.03790
5.35750,659.30498
5.36062,659.56196
5.36331,659.75779
5.36684,659.92740
5.36937,659.90151
5.37274,659.89208
5.37642,660.32279
5.37936,660.09815
5.38228,660.31747
5.38555,660.27393
5.38879,660.68228
5.39135,660.39521
5.39466,660.60287
5.39771,660.65883
5.40050,660.65950
5.40398,660.65555
5.40725,660.98683
5.40983,660.69635
5.41243,661.00962
5.41623,661.19253
5.41925,661.13005
5.42241,661.73113
5.42498,661.44643
5.42822,661.57210
5.43120,661.36739
5.43432,661.96223
5.43719,661.67092
5.44023,661.83954
5.44347,661.90105
5.44654,661.98199
5.44984,662.32632
5.45293,662.61373
5.45545,661.81915
5.45913,662.61523
5.46162,661.99185
5.46548,662.52907
5.46807,662.85085
5.47211,662.74062
5.47430,662.95520
5.47778,662.82402
5.48048,662.64166
5.48297,662.97635
5.48671,663.31337
5.48936,663.38556
5.49244,663.56791
5.49570,663.40811
5.49817,663.25165
5.50169,663.38833
5.50482,663.98640
5.50799,663.96086
5.51105,664.20765
5.51377,663.98701
5.51676,664.18352
5.52093,664.27404
5.52369,664.29190
5.52749,664.45095
5.53015,664.30541
5.53285,664.27424
5.53611,664.70644
5.53941,664.66348
5.54232,664.82307
5.54459,664.69481
5.54833,664.80380
5.55154,664.69419
5.55488,665.05913
5.55689,665.15166
5.56070,665.33012
5.56375,665.28626
5.56673,665.30260
5.56963,666.02574
5.57333,665.34201
5.57598,665.54304
5.57911,665.91016
5.58208,665.87593
5.58482,666.05806
5.58837,665.91438
5.59086,666.07861
5.59403,665.92855
5.59659,666.29871
5.60038,666.45886
5.60390,666.39874
5.60668,666.39017
5.61029,666.61565
5.61307,666.59712
5.61631,666.89568
5.61909,666.87693
5.62222,666.73699
5.62480,666.93341
5.62843,667.14775
5.63175,667.35600
5.63444,666.94753
5.63739,667.59980
5.64108,667.49238
5.64345,667.60179
5.64652,667.26967
5.65021,667.68118
5.65376,668.08809
5.65608,667.58477
5.65989,667.93472
5.66260,667.89750
5.66608,668.26458
5.66836,667.80811
5.67168,668.46961
5.67503,668.50518
5.67785,668.27590
5.68075,668.40954
5.68399,668.33324
5.68779,668.67836
5.68998,668.50880
5.69330,669.28060
5.69647,668.86439
5.69969,669.15842
5.70335,669.26522
5.70622,669.12501
5.70888,668.80425
5.71240,669.49213
5.71593,669.55392
5.71881,669.54389
5.72216,669.33728
5.72448,669.44158
5.72786,669.77942
5.73104,669.96829
5.73372,669.67088
5.73722,669.81325
5.74030,669.77884
5.74250,669.97026
5.74560,670.32240
5.74839,670.40056
5.75201,670.27921
5.75492,670.24777
5.75822,670.35923
5.76103,670.69138
5.76420,670.44829
5.76743,670.83930
5.77062,670.91280
5.77381,670.73279
5.77680,671.24800
5.77981,671.35613
5.78282,671.23062
5.78602,671.27089
5.78920,671.46385
5.79270,671.32325
5.79568,671.91777
5.79876,671.45205
5.80175,671.69789
5.80495,671.55468
5.80747,671.81777
5.81080,671.58573
5.81312,671.97016
5.81744,672.10462
5.82023,672.18055
5.82357,672.23909
5.82667,672.63424
5.82994,672.19869
5.83206,672.24482
5.83592,672.65456
5.83817,672.29788
5.84151,671.97103
5.84441,673.01497
5.84772,673.08436
5.85112,673.01348
5.85379,672.91374
5.85712,672.80261
5.86041,673.22927
5.86362,673.41186
5.86651,673.23923
5.86991,673.21926
5.87230,673.38317
5.87641,673.59604
5.87931,674.18155
5.88206,673.30298
5.88559,673.89435
5.88822,673.73056
5.89162,674.19885
5.89452,674.04369
5.89723,673.93728
5.90041,674.04162
5.90294,674.23299
5.90655,674.27222
5.90889,674.27619
5.91204,674.45878
5.91553,674.71409
5.91882,674.53787
5.92174,674.80307
5.92495,674.48966
5.92838,675.03945
5.93168,675.14095
5.93459,674.94593
5.93800,675.08944
5.94029,675.00855
5.94412,675.26168
5.94735,675.56269
5.95042,675.44854
5.95206,675.45102
5.95656,675.87234
5.95948,675.47791
5.96243,675.56082
5.96551,675.96103
5.96897,676.19969
5.97207,675.75850
5.97441,675.86359
5.97799,676.01263
5.98086,676.01737
5.98399,675.97082
5.98659,676.22395
5.99047,676.51360
5.99382,676.47958
5.99647,676.65051
5.99969,676.85685
6.00266,676.75451
6.00555,676.43306
6.00832,676.86116
6.01195,676.86175
6.01489,676.88901
6.01841,677.52746
6.02132,677.54081
6.02433,677.16705
6.02691,676.98710
6.03030,677.42726
6.03368,677.30856
6.03692,677.69039
6.03968,677.69929
6.04353,677.66975
6.04683,677.79794
6.04991,678.15394
6.05238,677.71756
6.05545,677.62107
6.05856,678.30014
6.06153,678.03160
6.06542,678.47613
6.06799,678.46178
6.07068,678.41586
6.07432,678.35606
6.07693,678.33025
6.08028,678.78088
6.08335,678.69413
6.08630,678.60742
6.08955,679.00517
6.09250,679.00719
6.09552,679.11159
6.09907,679.15517
6.10127,679.38842
6.10475,679.01973
6.10747,679.09742
6.11087,678.97390
6.11355,679.27314
6.11656,679.19657
6.11998,679.40075
6.12286,679.82467
6.12629,679.43548
6.12933,679.87656
6.13220,679.85403
6.13494,679.81947
6.13859,680.11576
6.14193,680.28413
6.14478,680.19081
6.14783,680.22054
6.15142,680.43246
6.15396,680.38609
6.15706,680.66240
6.16083,680.87956
6.16356,680.74724
6.16642,680.52125
6.16971,680.91771
6.17318,680.81816
6.17617,680.77943
6.17964,681.21336
6.18222,681.12193
6.18529,681.03892
6.18882,681.33998
6.19191,681.06094
6.19567,681.33788
6.19793,681.37843
6.20144,681.54506
6.20380,681.54341
6.20767,681.39987
6.20999,681.51321
6.21379,681.90595
6.21637,681.72297
6.22010,682.09680
6.22265,681.84177
6.22631,681.58818
6.22870,682.07383
6.23180,681.74692
6.23468,682.35999
6.23817,682.17706
6.24085,682.21742
6.24406,681.89864
6.24722,682.50047
6.25026,682.57628
6.25392,682.84242
6.25681,682.78987
6.25994,682.67303
6.26246,682.43857
6.26561,682.54731
6.26793,682.58668
6.27115,683.40464
6.27554,683.57531
6.27810,683.22935
6.28103,683.10713
6.28387,683.26592
6.28692,683.20531
6.29006,683.34237
6.29371,683.66596
6.29693,683.93229
6.30002,683.88813
6.30311,684.10785
6.30592,683.64993
6.30955,684.45618
6.31286,684.23981
6.31575,684.01609
6.31807,684.36888
6.32284,684.68617
6.32507,684.49720
6.32861,684.07059
6.33125,684.42733
6.33459,684.08941
6.33741,684.39760
6.34048,684.73699
6.34383,684.89563
6.34657,685.02041
6.35016,684.84666
6.35292,684.86196
6.35608,685.00685
6.35935,684.96417
6.36281,685.27868
6.36538,685.15701
6.36881,685.19059
6.37172,685.32095
6.37473,685.44209
6.37839,685.51775
6.38146,685.60888
6.38506,685.71095
6.38726,685.34851
6.39076,685.51929
6.39357,685.51437
6.39704,685.62871
6.40050,686.46767
6.40318,686.05332
6.40645,686.20125
6.40922,686.26054
6.41246,686.54879
6.41640,686.28066
6.41944,686.48017
6.42157,686.07508
6.42493,686.46534
6.42823,686.82772
6.43184,686.82972
6.43505,686.63814
6.43745,686.81664
6.44162,686.89842
6.44391,686.78334
6.44728,686.95495
6.45023,687.14531
6.45367,687.30119
6.45705,687.22753
6.45948,687.33680
6.46274,687.21420
6.46598,687.56541
6.46903,687.69114
6.47247,687.46197
6.47567,687.87020
6.47794,687.61890
6.48132,687.64938
6.48412,687.81204
6.48758,687.67364
6.49085,687.76249
6.49385,688.61895
6.49672,687.92768
6.50033,688.18769
6.50308,688.33380
6.50694,688.39918
6.50993,688.49616
6.51242,688.31184
6.51631,688.59314
6.51982,688.68929
6.52188,688.67848
6.52526,688.69046
6.52931,688.87634
6.53123,689.09762
6.53438,688.98129
6.53816,689.15224
6.54062,689.00665
6.54404,688.89732
6.54705,689.25140
6.54960,689.30304
6.55367,689.45493
6.55601,689.73719
6.55952,689.87396
6.56279,689.37337
6.56597,689.54409
6.56916,689.24945
6.57173,689.80753
6.57497,690.07287
6.57851,689.92522
6.58172,689.69851
6.58405,690.34080
6.58772,689.82484
6.59099,689.83072
6.59431,690.28577
6.59754,690.19873
6.60080,690.41174
6.60304,690.21853
6.60682,690.57045
6.60913,690.33327
6.61274,690.63307
6.61596,690.66605
6.61919,690.69213
6.62197,690.74353
6.62528,690.88034
6.62819,690.89250
6.63216,691.17549
6.63476,690.86332
6.63748,690.79922
6.64076,691.41148
6.64389,691.24724
6.64766,691.50961
6.65067,691.31137
6.65271,691.11193
6.65648,691.41670
6.65937,691.66293
6.66348,691.67687
6.66659,691.70998
6.66909,691.73997
6.67251,691.62004
6.67555,691.89392
6.67898,691.75169
6.68207,692.36309
6.68546,692.42941
6.68760,692.10550
6.69107,692.38979
6.69491,692.24764
6.69802,692.37217
6.70106,692.34363
6.70390,692.09797
6.70671,692.99847
6.71020,692.65269
6.71336,692.79061
6.71634,692.59596
6.71930,692.66149
6.72201,692.56217
6.72560,693.07784
6.72897,693.34449
6.73175,693.42287
6.73447,692.76943
6.73795,693.08905
6.74118,693.83099
6.74413,693.04347
6.74717,693.18669
6.75021,693.36520
6.75280,693.13516
6.75578,693.59609
6.75939,693.59287
6.76234,693.66234
6.76555,693.58507
6.76885,694.27644
6.77135,693.44922
6.77456,693.97018
6.77844,694.14402
6.78142,694.27125
6.78490,694.01075
6.78693,694.24457
6.79081,694.55931
6.79401,694.39256
6.79706,694.42789
6.79996,694.48808
6.80310,694.20934
6.80683,694.42922
6.80909,694.93872
6.81255,694.81538
6.81541,695.29856
6.81957,694.96465
6.82183,694.97028
6.82569,694.99406
6.82889,694.92142
6.83174,694.92273
6.83468,695.26432
6.83786,695.04983
6.84108,695.06148
6.84416,695.24888
6.84741,695.61361
6.85094,695.39186
6.85350,695.61605
6.85640,695.70110
6.85964,695.68259
6.86317,696.04407
6.86629,695.58637
6.86898,695.64306
6.87190,695.81122
6.87505,695.61116
6.87895,696.70070
6.88217,696.19604
6.88556,696.16071
6.88836,696.30090
6.89124,696.20374
6.89454,696.44645
6.89766,696.54361
6.90099,696.42845
6.90350,696.78886
6.90693,696.18071
6.90961,696.65304
6.91337,696.76579
6.91623,696.73742
6.91927,696.67764
6.92202,696.91339
6.92552,697.09024
6.92880,697.12846
6.93164,697.26521
6.93498,697.22762
6.93806,697.31532
6.94133,697.35193
6.94447,697.31977
6.94709,697.12413
6.95055,697.43158
6.95350,697.54666
6.95661,697.18908
6.95946,697.74262
6.96273,697.39252
6.96601,697.70232
6.96940,697.84529
6.97179,698.09053
6.97529,698.08514
6.97854,698.32726
6.98186,698.06730
6.98493,698.27967
6.98868,698.48204
6.99099,698.02082
6.99478,698.16522
6.99675,698.21252
7.00007,698.14222
7.00311,698.61393
7.00692,698.71418
7.01037,698.82221
7.01342,698.81370
7.01651,699.01527
7.02020,699.06587
7.02287,698.92454
7.02639,699.19689
7.02885,698.97860
7.03283,699.08330
7.03543,699.36988
7.03815,699.04388
7.04140,699.12099
7.04476,699.40635
7.04788,699.09232
7.05064,699.32213
7.05414,699.52144
7.05737,699.58065
7.06048,699.60233
7.06352,699.66373
7.06791,700.06640
7.07049,699.71963
7.07353,700.26185
7.07648,699.91186
7.07993,699.97117
7.08310,699.99284
7.08654,700.10952
7.08936,700.16797
7.09338,700.44761
7.09593,700.30489
7.09942,700.55293
7.10248,700.61812
7.10580,700.57183
7.10891,700.33224
7.11185,700.34110
7.11475,700.56526
7.11793,700.77869
7.12115,700.63470
7.12413,701.10706
7.12806,700.94643
7.13072,700.99338
7.13362,700.79225
7.13706,701.18968
7.14000,701.22476
7.14355,701.50344
7.14663,701.24981
7.15014,701.08952
7.15239,701.38381
7.15656,702.01298
7.15893,701.48414
7.16225,701.30408
7.16490,701.81996
7.16875,701.68308
7.17139,701.39547
7.17432,701.92622
7.17772,701.92545
7.18150,701.87951
7.18487,702.10773
7.18747,702.15528
7.19050,701.76810
7.19383,701.94481
7.19658,702.24563
7.20047,702.37074
7.20332,702.08257
7.20686,702.55770
7.20984,702.56925
7.21263,702.37870
7.21587,702.56535
7.21927,702.58285
7.22174,702.75223
7.22531,702.57168
7.22876,702.83441
7.23169,702.58567
7.23539,702.71027
7.23879,703.06602
7.24242,703.16199
7.24468,703.47846
7.24833,702.95711
7.25115,702.81995
7.25465,703.26675
7.25752,703.42592
7.26008,703.20793
7.26379,703.71122
7.26662,703.34851
7.27022,703.85479
7.27338,703.78996
7.27633,703.56960
7.27988,703.43828
7.28238,703.55946
7.28655,703.86557
7.28928,703.85570
7.29160,703.97652
7.29531,704.10226
7.29835,704.25335
7.30187,703.91095
7.30514,704.16463
7.30820,704.12396
7.31186,704.37733
7.31407,703.93167
7.31791,704.78719
7.32075,704.26349
7.32449,704.69127
7.32762,704.77125
7.32986,704.55776
7.33309,704.39016
7.33694,705.00681
7.33936,704.40842
7.34254,704.65192
7.34567,704.98663
7.34912,705.40099
7.35250,704.90615
7.35584,705.08686
7.35921,705.60906
7.36208,705.11370
7.36554,705.63756
7.36827,705.28932
7.37180,705.55895
7.37459,705.35806
7.37778,705.21417
7.38104,705.77619
7.38354,705.31769
7.38740,705.68386
7.39072,705.90561
7.39363,705.89618
7.39668,705.93698
7.40040,705.53815
7.40299,705.78498
7.40616,705.87331
7.40909,706.20957
7.41216,706.04925
7.41584,706.41335
7.41816,705.92463
7.42104,705.92453
7.42509,706.48349
7.42795,706.12704
7.43121,706.60047
7.43379,706.59157
7.43727,706.29228
7.44119,707.08512
7.44392,706.50610
7.44599,705.98701
7.44998,707.07496
7.45342,707.13962
7.45656,707.00659
7.45978,707.00132
7.46247,706.57505
7.46639,707.30646
7.46979,707.19618
7.47269,707.17195
7.47512,707.17794
7.47870,707.35868
7.48166,707.11931
7.48524,707.18273
7.48804,707.46705
7.49112,707.60447
7.49478,707.54734
7.49798,707.36655
7.50125,708.16561
7.50459,707.46184
7.50770,707.72765
7.51089,707.97091
7.51395,707.86574
7.51746,708.06662
7.52033,708.15093
7.52329,707.93358
7.52678,708.02701
7.52992,708.07674
7.53325,708.05174
7.53639,708.47518
7.53876,708.11921
7.54268,708.38505
7.54613,708.40772
7.54937,708.44309
7.55183,708.13357
7.55571,708.57521
7.55793,708.43611
7.56141,708.71050
7.56440,708.90978
7.56813,709.06211
7.57052,708.86741
7.57396,708.96214
7.57771,708.99555
7.58039,708.87382
7.58374,708.77822
7.58735,709.58696
7.59034,709.32036
7.59335,708.94315
7.59670,709.42610
7.59949,709.37269
7.60272,709.09995
7.60618,709.46147
7.60893,709.46709
7.61178,709.42915
7.61509,709.43537
7.61824,709.52133
7.62173,709.69038
7.62500,710.01063
7.62849,709.86224
7.63172,710.08630
7.63475,710.25460
7.63784,710.10984
7.64108,710.36048
7.64428,710.40613
7.64758,710.43648
7.65120,710.78700
7.65367,710.64839
7.65659,710.46388
7.66004,710.23996
7.66298,710.13079
7.66603,710.24639
7.66987,711.10892
7.67298,710.63317
7.67545,710.89940
7.67904,710.68989
7.68223,710.74918
7.68616,711.12055
7.68893,710.81144
7.69233,711.11467
7.69555,710.97907
7.69819,711.04880
7.70194,711.28666
7.70467,711.24817
7.70793,711.21928
7.71117,711.23034
7.71410,711.14459
7.71724,711.09083
7.72003,711.12173
7.72328,711.05795
7.72619,711.53383
7.72979,711.54665
7.73321,711.50126
7.73589,711.65215
7.73920,711.80270
7.74293,711.73400
7.74566,711.93755
7.74918,712.15117
7.75248,712.43043
7.75549,711.68909
7.75827,711.86554
7.76247,712.11256
7.76476,712.02224
7.76868,712.35876
7.77135,712.41173
7.77448,712.27676
7.77798,712.31928
7.78102,712.25337
7.78361,712.45194
7.78695,712.57903
7.79016,712.86303
7.79342,712.50437
7.79728,712.78821
7.79980,712.80652
7.80342,712.70348
7.80602,712.81622
7.80927,712.99671
7.81311,713.03760
7.81566,712.91555
7.81897,713.13351
7.82157,712.97681
7.82535,713.37328
7.82780,712.98126
7.83157,713.50524
7.83397,713.18798
7.83741,713.08197
7.84087,713.49792
7.84390,713.60493
7.84679,713.38397
7.85067,713.40770
7.85366,713.71087
7.85650,713.80866
7.85999,713.66300
7.86261,713.53405
7.86600,713.79902
7.86911,713.87809
7.87293,714.15087
7.87518,713.76362
7.87905,713.84147
7.88137,714.17116
7.88520,714.21779
7.88809,713.77425
7.89120,714.45277
7.89455,714.65402
7.89752,714.15260
7.90068,714.38748
7.90431,714.56515
7.90727,714.47821
7.91027,714.85187
7.91389,714.62599
7.91695,715.11501
7.92031,714.66601
7.92317,714.94423
7.92677,715.14706
7.93031,714.96756
7.93273,715.14793
7.93616,714.81312
7.93860,714.31836
7.94183,715.13568
7.94504,714.82924
7.94860,715.11048
7.95169,715.25573
7.95501,715.18681
7.95792,715.29760
7.96181,715.39489
7.96491,715.40653
7.96808,715.38784
7.97133,715.42931
7.97427,715.45795
7.97700,715.53174
7.98134,716.06634
7.98404,715.71664
7.98778,715.94827
7.99022,715.76995
7.99468,716.17851
7.99648,715.97342
8.00051,716.02012
8.00359,715.98674
8.00592,715.83180
8.00927,716.32232
8.01330,716.43239
8.01587,715.87994
8.01928,716.45775
8.02214,715.90155
8.02514,716.13678
8.02809,716.28851
8.03229,716.48864
8.03513,716.97834
8.03848,716.59485
8.04172,716.91527
8.04481,717.02763
8.04813,716.86561
8.05118,716.72662
8.05392,716.50530
8.05688,716.93148
8.06038,717.04428
8.06383,717.28661
8.06784,717.12600
8.07099,717.12997
8.07421,717.03654
8.07693,717.22209
8.08128,717.42271
8.08296,717.28416
8.08665,717.22468
8.08928,717.12754
8.09324,717.45457
8.09632,717.12869
8.09936,717.37472
8.10259,717.24680
8.10566,717.71405
8.10924,717.85180
8.11209,717.39852
8.11510,717.79878
8.11867,718.05923
8.12153,717.74030
8.12476,717.77802
8.12795,717.73233
8.13086,718.28283
8.13406,717.75610
8.13879,718.33274
8.14061,718.13979
8.14434,717.99876
8.14789,718.45683
8.15136,718.38722
8.15393,718.52610
8.15793,718.69101
8.16005,718.26067
8.16376,718.08469
8.16680,718.37960
8.17022,718.65440
8.17353,718.67523
8.17667,718.23618
8.17922,718.68266
8.18244,718.76635
8.18554,718.70478
8.18870,718.64693
8.19190,718.70222
8.19535,719.17839
8.19856,719.20423
8.20189,718.87491
8.20530,719.27054
8.20819,719.19898
8.21125,719.05222
8.21461,719.06763
8.21770,719.26525
8.22103,719.05944
8.22382,719.45206
8.22764,719.84541
8.23031,719.27911
8.23363,719.51807
8.23712,719.48188
8.23939,719.47648
8.24280,719.65352
8.24606,719.44924
8.24934,720.07009
8.25273,719.78416
8.25567,719.82228
8.25870,719.79162
8.26264,720.28180
8.26522,720.05762
8.26851,719.95757
8.27135,720.25015
8.27522,720.22264
8.27787,720.36206
8.28159,720.68696
8.28381,720.25257
8.28721,720.14663
8.29016,720.12309
8.29378,720.65592
8.29709,720.39520
8.30012,720.79816
8.30366,720.53833
8.30611,720.58789
8.31033,721.00503
8.31235,720.41912
8.31673,721.02522
8.31983,720.91349
8.32269,721.08828
8.32581,721.10711
8.32892,720.67413
8.33203,721.06108
8.33534,721.36720
8.33905,721.25382
8.34197,721.30254
8.34503,721.06908
8.34798,721.22350
8.35149,721.42124
8.35417,721.37128
8.35797,721.44762
8.36078,721.46742
8.36474,721.80929
8.36753,721.62252
8.37102,721.52084
8.37360,721.57988
8.37720,721.82044
8.38116,722.31948
8.38426,721.60931
8.38703,722.33801
8.39008,721.68958
8.39245,721.65740
8.39603,721.79068
8.39941,721.84603
8.40289,721.95549
8.40642,722.02808
8.40896,722.10178
8.41242,722.36981
8.41568,722.48429
8.41898,722.22524
8.42213,722.80889
8.42527,722.52198
8.42877,722.67699
8.43240,722.88284
8.43490,722.44475
8.43774,722.23246
8.44056,722.52133
8.44473,722.65123
8.44756,722.84397
8.45101,722.87439
8.45400,723.11548
8.45693,722.82267
8.46045,723.13342
8.46399,723.12009
8.46737,722.85427
8.47016,723.20248
8.47368,723.24142
8.47715,723.31105
8.48019,723.55987
8.48328,723.29807
8.48660,723.36892
8.48971,723.15472
8.49341,723.56138
8.49621,723.65163
8.49959,723.35978
8.50244,723.60435
8.50575,723.59619
8.50921,723.65095
8.51205,723.53393
8.51521,723.69969
8.51859,723.81855
8.52103,723.58479
8.52486,724.02503
8.52807,723.82046
8.53113,723.68747
8.53440,723.90636
8.53711,724.02960
8.54123,724.14456
8.54395,724.20707
8.54695,724.04775
8.55008,723.94903
8.55336,724.41120
8.55651,724.08981
8.56040,724.53390
8.56328,724.67338
8.56680,724.85497
8.56927,724.54842
8.57330,724.54209
8.57623,724.74507
8.57959,724.46714
8.58201,724.55278
8.58533,724.39015
8.58890,724.79231
8.59200,724.83781
8.59551,724.98037
8.59820,724.85166
8.60184,724.94983
8.60420,724.44544
8.60817,725.21374
8.61102,725.22960
8.61425,724.97581
8.61786,725.58909
8.62039,725.48532
8.62378,725.34906
8.62755,725.34522
8.63078,725.47395
8.63382,725.59166
8.63710,725.57405
8.64040,725.64338
8.64339,725.69053
8.64653,725.37880
8.64972,725.49643
8.65305,725.92289
8.65662,725.84604
8.65982,725.66923
8.66260,725.61375
8.66668,725.75432
8.66944,726.50020
8.67294,726.01316
8.67521,725.65101
8.67896,726.10747
8.68163,725.68941
8.68526,726.31547
8.68815,726.31807
8.69141,726.05717
8.69444,725.97872
8.69746,726.32715
8.70061,726.52401
8.70366,726.17781
8.70680,726.50095
8.70998,726.48621
8.71383,726.91068
8.71659,726.62819
8.71984,726.60491
8.72309,726.78120
8.72610,726.29180
8.72927,726.80524
8.73248,726.83673
8.73574,726.84076
8.73919,727.04642
8.74280,727.01334
8.74551,727.46776
8.74918,726.90080
8.75208,727.21175
8.75619,727.32136
8.75836,726.86135
8.76238,727.35514
8.76527,727.33125
8.76876,727.08483
8.77154,727.28914
8.77554,727.65077
8.77769,727.55137
8.78154,727.46299
8.78434,727.83708
8.78789,727.37312
8.79130,727.74609
8.79437,727.38323
8.79679,727.69688
8.80103,727.96244
8.80441,727.66607
8.80678,727.43394
8.80968,727.83406
8.81371,727.79211
8.81663,728.32044
8.81993,727.89021
8.82345,728.22552
8.82658,728.28088
8.83035,728.18198
8.83284,728.36000
8.83616,727.87441
8.83940,728.17431
8.84289,728.57454
8.84569,728.14099
8.84908,728.20464
8.85207,728.52990
8.85563,728.28062
8.85864,728.70668
8.86245,728.78161
8.86521,728.76345
8.86844,728.81827
8.87143,728.54405
8.87494,728.83888
8.87806,728.75090
8.88134,729.00073
8.88432,728.79474
8.88763,729.12122
8.89071,728.83593
8.89465,729.47262
8.89781,729.23030
8.90073,729.02115
8.90364,728.71419
8.90719,729.50111
8.91046,729.22609
8.91408,729.22102
8.91747,729.07637
8.92018,729.36761
8.92330,729.64420
8.92634,729.63043
8.93030,730.13356
8.93322,729.59367
8.93662,729.31359
8.93993,729.65586
8.94347,730.00052
8.94670,729.70528
8.94965,729.97780
8.95228,729.82916
8.95574,729.71836
8.95959,729.87876
8.96227,730.03332
8.96537,729.66125
8.96905,729.85102
8.97186,730.31643
8.97470,729.75491
8.97827,730.01223
8.98221,730.19943
8.98501,730.36982
8.98779,729.99839
8.99184,730.44698
8.99433,730.35783
8.99801,730.67803
9.00097,730.49955
9.00460,730.47291
9.00834,730.50267
9.01065,730.18101
9.01386,730.60830
9.01724,730.46609
9.02016,730.28734
9.02330,730.50614
9.02696,731.00639
9.03043,730.88624
9.03336,730.90499
9.03681,731.17599
9.04006,730.71258
9.04315,730.91422
9.04627,731.10332
9.04997,731.08112
9.05283,731.20239
9.05692,731.37226
9.05954,730.95006
9.06276,731.11377
9.06634,731.78103
9.06921,731.58409
9.07232,731.30289
9.07520,731.06770
9.07922,731.50146
9.08177,731.20447
9.08512,731.31850
9.08830,731.34909
9.09226,731.93734
9.09543,731.80149
9.09825,731.44068
9.10156,731.76873
9.10523,732.01515
9.10852,732.08467
9.11126,731.97925
9.11511,731.88708
9.11788,731.43835
9.12119,731.81306
9.12433,732.17724
9.12727,732.37919
9.13030,731.82161
9.13318,731.93225
9.13635,732.24076
9.13995,732.32703
9.14326,732.32420
9.14657,732.73255
9.14974,732.45797
9.15334,732.65847
9.15721,732.64895
9.15959,732.53347
9.16301,732.51574
9.16574,732.74882
9.16953,732.68161
9.17251,732.41468
9.17626,732.77072
9.17938,732.68500
9.18238,732.76438
9.18596,732.78258
9.18848,732.48267
9.19192,732.74009
9.19539,732.91090
9.19793,733.06626
9.20168,733.39218
9.20415,732.91921
9.20838,733.31098
9.21139,733.00821
9.21424,733.05456
9.21741,733.45624
9.22054,733.05345
9.22380,733.29215
9.22737,733.51433
9.23112,733.51685
9.23424,733.37001
9.23742,733.51920
9.24057,733.59700
9.24382,733.67650
9.24673,733.53834
9.25039,733.45127
9.25385,733.82287
9.25694,733.91767
9.25990,733.87516
9.26315,733.76602
9.26682,733.70765
9.26986,734.03063
9.27261,733.73660
9.27631,734.11670
9.27898,733.91757
9.28281,733.91046
9.28618,734.05772
9.28919,734.40179
9.29227,734.02199
9.29549,734.21495
9.29859,734.30298
9.30213,734.09074
9.30527,734.24217
9.30825,734.52766
9.31220,734.80675
9.31472,734.72521
9.31773,734.23581
9.32152,734.54285
9.32459,734.67535
9.32791,734.81962
9.33085,734.49549
9.33426,734.79221
9.33712,734.50125
9.34103,735.02034
9.34334,734.75136
9.34664,735.20258
9.35001,734.68030
9.35378,734.91684
9.35645,734.59148
9.35947,734.88329
9.36304,735.21222
9.36642,735.14931
9.36923,735.21008
9.37262,735.32011
9.37559,735.21518
9.37964,735.82183
9.38279,735.63447
9.38587,735.34982
9.38927,735.38474
9.39249,735.68267
9.39526,735.71594
9.39903,735.64241
9.40265,735.79375
9.40490,735.33187
9.40858,735.62231
9.41168,735.55084
9.41480,735.57040
9.41807,735.87829
9.42148,735.77398
9.42419,735.85605
9.42753,735.79784
9.43100,736.17408
9.43483,736.10945
9.43700,735.83506
9.44099,736.36395
9.44446,736.22429
9.44754,736.25197
9.45112,736.29679
9.45411,736.14218
9.45674,736.00106
9.46056,736.50255
9.46352,736.44612
9.46660,736.56389
9.47008,736.32401
9.47419,736.64498
9.47648,736.43368
9.47988,736.29748
9.48286,736.83630
9.48679,736.55670
9.48944,736.66168
9.49283,736.68035
9.49609,736.82833
9.49871,736.73288
9.50186,736.83951
9.50580,736.80652
9.50884,737.04095
9.51211,736.77200
9.51549,736.97976
9.51904,736.85880
9.52219,737.05283
9.52506,736.83680
9.52878,737.17898
9.53193,737.28469
9.53535,737.15447
9.53845,737.37743
9.54207,737.68356
9.54552,737.66794
9.54817,737.05233
9.55157,737.11721
9.55465,737.63925
9.55831,737.74777
9.56099,737.56774
9.56455,737.76750
9.56819,737.69303
9.57143,737.93039
9.57443,737.49548
9.57810,737.21919
9.58048,737.59279
9.58381,737.78249
9.58730,737.76008
9.59050,738.17307
9.59337,737.99036
9.59769,738.16064
9.60040,737.68352
9.60366,737.92359
9.60685,738.53221
9.61064,738.37397
9.61346,738.18401
9.61690,738.33592
9.62006,738.73028
9.62363,738.24413
9.62721,738.39436
9.63018,738.53523
9.63276,738.29588
9.63689,738.41600
9.63947,738.16430
9.64226,738.13805
9.64666,738.56116
9.65000,738.82204
9.65255,738.49034
9.65594,738.92371
9.65951,739.02533
9.66257,738.52720
9.66587,738.52189
9.66936,739.12091
9.67228,738.86570
9.67576,739.24077
9.67901,739.09603
9.68270,738.67147
9.68565,738.86802
9.68848,738.89606
9.69170,738.84609
9.69531,739.24428
9.69858,739.06258
9.70140,739.03689
9.70471,739.37065
9.70822,739.60971
9.71152,739.33451
9.71478,739.40738
9.71820,739.33524
9.72081,739.29012
9.72482,739.33602
9.72790,739.58985
9.73074,739.34782
9.73433,739.64355
9.73739,739.50038
9.74076,739.64249
9.74442,740.12903
9.74726,739.88996
9.75073,739.78200
9.75405,739.77915
9.75699,740.04512
9.76033,740.11798
9.76375,740.03433
9.76697,739.83895
9.77027,740.06776
9.77325,740.08875
9.77656,740.07965
9.77949,740.20919
9.78374,740.40694
9.78606,740.05271
9.79041,740.81485
9.79301,739.96945
9.79586,740.04258
9.79950,740.51281
9.80287,740.26455
9.80617,740.41979
9.80939,740.00117
9.81219,740.38754
9.81534,740.53433
9.81880,740.77235
9.82267,740.66835
9.82573,740.80554
9.82877,740.75791
9.83172,740.57710
9.83518,740.75126
9.83847,740.40084
9.84136,740.69173
9.84483,740.99197
9.84785,740.88469
9.85157,740.78625
9.85448,741.16350
9.85742,741.14876
9.86118,741.16908
9.86400,741.13677
9.86772,741.39120
9.87123,741.05047
9.87380,741.11468
9.87763,741.26528
9.88020,741.44369
9.88416,741.40561
9.88694,741.24663
9.89060,741.38074
9.89345,741.43022
9.89693,741.56774
9.90012,741.73917
9.90340,741.65079
9.90661,741.70668
9.91007,741.67174
9.91356,741.86396
9.91678,741.63951
9.91972,741.44169
9.92313,741.84738
9.92659,741.55694
9.92955,741.78169
9.93285,742.04409
9.93603,741.53527
9.93980,741.98812
9.94255,741.89977
9.94636,742.35325
9.94860,741.57353
9.95263,742.19659
9.95586,741.96088
9.95901,742.05082
9.96275,742.21078
9.96548,742.40911
9.96880,742.32286
9.97181,742.47268
9.97510,742.15159
9.97857,742.47798
9.98233,742.52832
9.98511,742.49080
9.98879,742.31690
9.99083,742.17009
9.99466,742.84405
9.99712,742.22679
10.00131,742.93359
10.00384,742.57262
10.00750,742.81478
10.01098,742.73204
10.01383,742.73614
10.01763,743.15010
10.02101,743.06886
10.02383,743.12627
10.02725,742.90959
10.03025,742.99341
10.03357,743.22815
10.03647,742.83471
10.04031,743.36405
10.04346,743.43353
10.04678,742.97839
10.05028,743.09665
10.05354,743.31788
10.05607,742.92942
10.05948,742.81123
10.06304,743.28356
10.06567,743.38156
10.06999,743.47341
10.07338,744.00452
10.07631,743.36801
10.07965,743.87904
10.08254,743.34032
10.08619,743.79898
10.08892,743.68895
10.09311,743.90021
10.09562,743.71216
10.09939,744.04283
10.10263,744.07990
10.10613,744.04104
10.10923,743.61611
10.11240,743.95487
10.11576,743.93353
10.11906,743.87451
10.12175,743.81121
10.12624,744.21961
10.12904,743.95417
10.13242,744.16947
10.13533,743.87309
10.13900,744.17357
10.14188,744.02813
10.14573,744.34605
10.14879,744.25960
10.15192,744.35096
10.15595,744.29151
10.15886,744.70084
10.16160,744.25929
10.16512,744.47893
10.16837,744.61548
10.17175,744.36517
10.17522,744.66243
10.17862,744.68816
10.18188,744.81355
10.18465,744.49453
10.18862,744.64523
10.19159,744.68253
10.19519,744.79168
10.19854,745.11116
10.20150,744.82360
10.20510,744.92758
10.20816,745.44760
10.21084,745.13769
10.21408,744.92156
10.21806,745.30751
10.22122,745.07833
10.22416,744.85447
10.22724,744.83248
10.23071,745.05825
10.23380,745.13736
10.23726,745.25110
10.24014,745.11369
10.24322,745.69910
10.24714,745.73318
10.25044,745.55928
10.25373,745.57327
10.25665,745.54014
10.25985,745.61179
10.26280,745.60073
10.26646,745.28157
10.26978,745.50920
10.27290,745.74473
10.27591,745.61937
10.27904,746.03495
10.28261,745.89416
10.28530,745.62937
10.28885,745.82821
10.29211,746.16880
10.29526,745.82601
10.29855,746.14125
10.30238,746.30785
10.30534,746.05382
10.30881,745.89919
10.31220,746.49771
10.31528,745.81890
10.31852,746.09421
10.32152,745.79198
10.32447,745.92629
10.32838,746.47241
10.33158,746.56966
10.33423,746.31657
10.33783,746.56342
10.34125,746.23534
10.34476,746.32514
10.34794,746.50800
10.35036,746.50927
10.35420,746.70534
10.35751,746.50179
10.36121,746.96070
10.36382,746.48755
10.36737,746.74976
10.37075,747.08742
10.37383,746.95977
10.37710,746.69073
10.38034,746.77376
10.38296,746.40357
10.38657,746.72876
10.38983,747.08592
10.39323,746.89721
10.39597,746.93375
10.39909,746.88285
10.40324,747.33872
10.40525,746.82995
10.40913,747.23344
10.41236,746.86730
10.41550,747.56160
10.41953,747.48086
10.42299,747.52749
10.42602,747.65161
10.42912,747.55399
10.43231,747.42548
10.43562,747.63530
10.43905,747.40581
10.44290,747.69864
10.44552,747.52192
10.44921,747.41402
10.45239,747.89614
10.45517,747.51314
10.45857,747.54914
10.46266,747.94598
10.46540,747.87847
10.46910,747.74136
10.47209,747.85947
10.47536,747.99300
10.47830,748.06780
10.48192,748.21078
10.48436,748.07497
10.48808,748.10462
10.49109,747.79929
10.49496,748.31695
10.49779,748.11146
10.50132,748.19673
10.50474,748.43096
10.50832,748.29580
10.51072,747.90996
10.51458,748.35811
10.51769,748.11381
10.52096,748.51349
10.52450,748.55519
10.52800,748.62292
10.53088,748.51767
10.53477,748.32688
10.53837,748.63726
10.54114,748.58249
10.54442,748.47512
10.54770,748.73765
10.55070,748.76360
10.55434,748.81136
10.55729,748.72528
10.56082,748.79827
10.56478,749.08518
10.56768,748.63068
10.57057,748.92564
10.57427,748.69787
10.57694,748.58975
10.58010,748.65846
10.58323,749.15139
10.58697,749.08418
10.59023,749.04143
10.59424,749.36845
10.59710,749.37100
10.60027,749.41233
10.60366,749.16082
10.60683,749.12128
10.61005,749.32113
10.61309,748.93744
10.61664,749.32291
10.62040,749.71334
10.62312,749.23705
10.62654,749.40852
10.63000,749.70878
10.63287,749.22170
10.63573,749.23580
10.63941,749.34608
10.64252,749.69990
10.64621,749.74936
10.64936,749.55390
10.65270,749.99116
10.65664,750.05785
10.65969,749.99337
10.66297,749.69048
10.66641,750.03092
10.66920,749.54884
10.67308,750.27816
10.67651,749.91927
10.67905,749.93818
10.68327,750.28976
10.68667,750.52490
10.68936,750.24559
10.69314,750.13278
10.69645,750.00466
10.69939,750.52210
10.70320,750.19288
10.70611,750.26282
10.70914,750.01017
10.71221,750.20966
10.71490,750.14371
10.71928,750.68588
10.72245,750.59348
10.72596,750.57867
10.72906,750.38336
10.73247,750.47671
10.73559,750.65641
10.73905,750.53890
10.74261,750.46818
10.74608,750.98160
10.74884,750.50894
10.75215,750.79927
10.75519,751.10117
10.75936,750.76360
10.76198,751.01625
10.76560,750.82333
10.76893,751.22450
10.77232,751.05618
10.77530,750.98193
10.77852,751.23729
10.78188,751.27327
10.78475,751.03792
10.78833,750.83346
10.79158,751.06005
10.79521,751.22818
10.79747,750.80473
10.80154,751.30971
10.80479,751.46469
10.80834,751.69672
10.81149,751.50282
10.81499,751.67678
10.81820,751.50889
10.82085,751.37219
10.82453,751.42598
10.82861,751.79153
10.83134,751.48842
10.83476,751.38588
10.83811,751.64728
10.84118,751.72230
10.84436,751.60211
10.84841,752.20636
10.85142,751.82697
10.85419,751.69814
10.85739,751.49455
10.86044,751.58610
10.86391,751.96239
10.86751,751.87326
10.87027,751.84377
10.87388,752.06283
10.87731,752.00811
10.88101,752.27813
10.88445,752.02723
10.88751,752.30153
10.89051,752.22642
10.89361,752.18780
10.89706,751.87813
10.89997,752.31831
10.90390,752.39804
10.90754,752.65348
10.91107,752.42622
10.91416,752.33302
10.91689,752.47425
10.92077,752.40651
10.92371,752.62242
10.92722,752.37036
10.93094,752.67263
10.93411,752.86254
10.93713,752.82503
10.94054,752.52382
10.94380,752.77588
10.94683,752.60050
10.95037,752.79351
10.95371,752.83402
10.95687,752.67251
10.95935,752.49399
10.96337,752.81693
10.96691,753.16165
10.96970,752.90795
10.97253,752.98170
10.97702,753.16652
10.97933,752.61053
10.98350,753.27388
10.98563,752.76150
10.98939,753.10349
10.99283,753.15041
10.99695,753.46325
10.99948,753.55483
11.00374,753.33371
11.00575,753.21789
11.01005,753.63053
11.01312,753.61726
11.01664,753.34536
11.01917,753.14325
11.02265,753.55134
11.02618,753.46176
11.02951,753.64367
11.03286,753.23874
11.03575,753.53893
11.03909,753.85348
11.04265,753.97147
11.04628,753.90439
11.04911,753.72471
11.05264,754.03360
11.05584,753.76482
11.05910,753.87526
11.06220,753.90440
11.06559,754.01271
11.06842,754.04909
11.07206,753.83376
11.07523,754.13639
11.07891,754.22899
11.08245,754.40122
11.08504,753.88944
11.08849,754.11309
11.09122,754.18920
11.09438,754.16330
11.09802,754.30587
11.10111,753.98861
11.10503,754.19254
11.10739,754.41204
11.11111,754.22712
11.11413,754.41475
11.11774,754.50027
11.12096,754.44509
11.12426,754.56498
11.12805,754.87763
11.13095,754.40174
11.13439,754.47602
11.13700,754.42142
11.14111,754.68096
11.14459,754.67928
11.14715,754.51140
11.15031,754.67102
11.15308,754.61676
11.15687,754.40372
11.16005,754.70210
11.16340,755.23260
11.16712,754.73039
11.17025,755.03736
11.17388,755.00612
11.17724,754.89437
11.17997,754.61205
11.18311,754.85317
11.18682,755.35606
11.19037,755.31717
11.19386,755.57988
11.19748,755.62750
11.20045,755.35286
11.20443,755.60564
11.20690,754.99429
11.21080,755.56394
11.21422,755.38822
11.21752,755.09721
11.22141,755.69414
11.22402,755.49614
11.22668,754.91569
11.23038,755.56505
11.23377,755.64832
11.23707,755.82607
11.24077,755.90575
11.24431,755.99447
11.24699,755.40039
11.24995,755.52975
11.25373,755.86109
11.25721,755.78454
11.25988,755.77147
11.26348,755.68759
11.26653,755.80804
11.27017,755.84473
11.27332,756.15906
11.27647,755.96028
11.27984,756.03912
11.28309,756.19620
11.28649,756.39490
11.28984,756.27423
11.29324,756.35331
11.29692,756.10099
11.30052,756.30675
11.30243,756.26158
11.30718,756.48085
11.30957,756.48978
11.31374,756.30709
11.31725,756.72704
11.32015,756.43365
11.32351,756.64190
11.32677,756.31073
11.33004,756.43599
11.33327,756.40217
11.33653,756.41354
11.34001,756.59868
11.34316,756.65026
11.34681,756.55404
11.35010,756.65303
11.35300,756.99614
11.35696,756.71868
11.36001,756.72926
11.36323,757.22868
11.36653,756.81371
11.37010,756.93346
11.37330,757.16506
11.37712,757.04867
11.38073,757.05404
11.38271,756.65690
11.38688,756.85927
11.38985,757.06703
11.39318,757.01204
11.39682,757.28907
11.40010,757.33833
11.40382,757.37383
11.40753,757.49267
11.41015,757.00253
11.41410,757.42016
11.41675,756.93701
11.42001,757.54149
11.42335,757.05832
11.42684,757.45346
11.43078,757.26976
11.43333,757.38402
11.43745,757.78239
11.44076,757.63790
11.44358,757.80660
11.44728,757.70025
11.45028,757.56474
11.45408,757.73191
11.45661,757.58746
11.46053,757.73662
11.46336,757.93797
11.46744,757.93561
11.47027,758.16608
11.47312,757.61926
11.47713,758.22666
11.48076,757.86860
11.48376,757.72839
11.48738,758.15279
11.49062,758.40636
11.49385,757.88987
11.49751,758.10462
11.50023,757.97814
11.50435,758.12386
11.50675,757.78177
11.51034,757.96164
11.51309,758.18097
11.51734,758.29887
11.52002,758.37886
11.52283,758.41786
11.52700,758.33263
11.52991,758.50359
11.53397,758.63580
11.53654,758.15076
11.53988,758.56297
11.54372,758.66956
11.54610,758.41319
11.55011,758.76501
11.55312,758.66615
11.55702,758.57085
11.55979,758.85855
11.56358,758.74264
11.56681,758.95619
11.57036,758.34821
11.57324,758.32055
11.57642,758.65003
11.57972,758.73846
11.58323,758.86662
11.58704,759.02835
11.59003,758.89740
11.59411,759.40990
11.59663,758.76326
11.59982,758.94031
11.60424,759.09841
11.60696,759.26819
11.61027,759.10197
11.61388,759.31483
11.61673,758.87393
11.62061,759.20076
11.62444,759.48027
11.62718,759.44237
11.63081,759.19861
11.63341,759.45580
11.63713,759.49547
11.64097,759.40874
11.64404,759.39188
11.64717,759.58322
11.65102,759.50894
11.65346,759.50759
11.65749,759.66964
11.66131,760.20046
11.66432,759.26781
11.66734,759.56834
11.67030,759.67876
11.67384,759.25893
11.67715,759.58234
11.68056,759.47422
11.68366,759.53785
11.68711,760.03547
11.69029,760.15747
11.69379,759.81721
11.69664,759.94472
11.70043,760.33106
11.70406,759.96094
11.70698,759.67800
11.71024,760.02145
11.71303,759.80555
11.71647,759.94040
11.71990,760.34618
11.72362,760.11718
11.72699,760.35964
11.73010,760.37941
11.73351,760.60386
11.73675,760.35861
11.74069,760.35144
11.74395,760.45231
11.74681,760.48252
11.75014,760.42353
11.75370,760.47899
11.75751,760.49364
11.76071,760.27626
11.76381,760.31779
11.76710,760.69936
11.77036,760.71595
11.77412,760.60807
11.77732,760.58876
11.78052,760.63309
11.78341,760.69208
11.78731,760.97948
11.79048,760.92240
11.79450,760.94279
11.79769,760.97104
11.80133,761.20195
11.80445,761.14027
11.80776,760.81129
11.81080,760.62613
11.81443,760.73674
11.81811,761.35162
11.82113,761.19788
11.82460,761.27116
11.82819,760.98473
11.83086,761.04206
11.83460,761.18246
11.83803,761.17956
11.84146,761.09939
11.84444,761.50816
11.84832,761.63967
11.85128,761.66921
11.85418,761.02575
11.85781,761.01048
11.86161,761.37497
11.86437,761.47230
11.86773,761.52564
11.87146,761.26601
11.87481,761.26973
11.87801,761.86113
11.88141,761.63782
11.88469,761.64833
11.88850,761.92169
11.89178,761.57141
11.89491,761.68661
11.89790,761.67367
11.90131,762.06544
11.90508,762.16302
11.90809,761.56798
11.91160,762.11763
11.91444,762.13630
11.91810,761.95558
11.92188,761.93645
11.92458,762.13647
11.92817,761.87721
11.93111,761.58362
11.93465,762.16705
11.93766,761.92709
11.94115,762.23165
11.94504,762.28068
11.94760,762.33997
11.95112,762.32465
11.95523,762.80656
11.95859,762.68499
11.96161,761.98571
11.96518,762.20238
11.96838,762.29446
11.97175,762.44769
11.97572,762.65961
11.97846,762.58066
11.98170,762.44925
11.98454,762.52222
11.98847,762.29289
11.99204,762.84790
11.99491,762.40295
11.99883,762.90491
12.00183,762.59246
12.00509,762.79649
12.00882,762.89801
12.01209,762.90259
12.01578,763.10771
12.01939,762.79315
12.02216,763.09689
12.02554,763.12923
12.02910,763.03333
12.03279,763.13049
12.03572,763.03342
12.03870,763.12044
12.04261,763.06235
12.04577,763.61021
12.04935,763.15740
12.05298,763.08843
12.05571,763.24745
12.05952,763.38518
12.06376,763.45748
12.06632,763.25528
12.07021,763.45605
12.07275,763.26163
12.07707,763.47195
12.07944,762.92788
12.08323,763.42474
12.08636,763.82083
12.08997,763.36135
12.09269,763.32754
12.09599,763.50352
12.09993,763.56995
12.10313,763.38948
12.10585,763.71762
12.11011,764.08163
12.11304,763.58634
12.11686,763.90708
12.11986,763.40509
12.12304,763.73311
12.12630,763.91863
12.12929,763.83726
12.13294,763.79347
12.13646,764.10732
12.14039,764.32725
12.14364,763.88533
12.14665,763.73891
12.14963,763.85741
12.15398,763.99399
12.15652,763.89800
12.15996,764.05665
12.16326,764.15396
12.16659,763.86572
12.17021,764.29615
12.17297,764.16651
12.17687,764.09839
12.18018,764.48448
12.18363,764.15233
12.18685,764.78781
12.19067,764.51885
12.19413,764.56068
12.19768,764.27151
12.20058,764.28944
12.20390,764.53766
12.20731,764.30886
12.21103,764.49137
12.21439,764.49345
12.21755,764.49977
12.22069,764.63860
12.22426,765.00837
12.22751,764.99080
12.23114,764.37939
12.23420,764.72380
12.23716,764.64263
12.24123,764.77257
12.24484,765.08920
12.24726,764.64601
12.25077,764.89978
12.25398,764.82938
12.25724,764.83154
12.26071,764.82916
12.26418,765.03055
12.26777,765.21956
12.27114,764.98566
12.27444,765.02885
12.27782,765.30748
12.28115,765.29916
12.28401,765.15322
12.28807,765.45309
12.29159,765.56536
12.29445,765.05779
12.29779,765.29001
12.30197,765.43695
12.30439,764.95844
12.30794,765.37941
12.31088,765.34638
12.31461,765.55550
12.31737,765.53910
12.32210,765.67190
12.32526,765.57585
12.32819,765.53063
12.33211,765.57272
12.33504,765.47229
12.33857,765.85411
12.34233,765.63928
12.34490,765.49759
12.34832,765.91466
12.35238,765.67254
12.35574,766.39604
12.35971,765.62014
12.36212,765.68411
12.36570,765.83344
12.36897,765.97187
12.37258,765.89184
12.37600,765.93531
12.37919,765.94691
12.38278,766.05401
12.38570,765.91806
12.38982,766.35484
12.39261,766.36067
12.39590,766.17489
12.39927,766.07337
12.40273,766.03842
12.40600,766.39960
12.40941,766.24232
12.41242,766.38576
12.41571,765.84098
12.41866,766.50404
12.42321,766.31262
12.42592,766.71164
12.42979,766.61120
12.43267,766.46902
12.43636,766.58573
12.43952,766.82443
12.44304,766.15140
12.44614,766.73392
12.44993,766.59257
12.45327,766.62816
12.45670,766.71799
12.45997,766.64506
12.46388,766.66300
12.46607,766.69225
12.47018,766.80855
12.47333,767.16499
12.47672,766.99620
12.48014,766.78489
12.48433,766.98371
12.48699,767.14187
12.49092,767.24574
12.49411,767.00985
12.49754,767.24389
12.50070,766.88287
12.50403,767.31624
12.50769,767.35670
12.51012,766.81795
12.51372,766.81095
12.51734,766.99348
12.52082,767.26504
12.52420,767.11424
12.52693,767.00962
12.53037,767.29883
12.53321,767.11261
12.53726,767.34841
12.54039,767.39545
12.54405,767.50846
12.54807,767.60836
12.55091,767.81497
12.55411,767.67626
12.55797,767.57097
12.56043,767.48410
12.56495,767.20240
12.56775,767.65210
12.57067,767.66610
12.57391,767.33998
12.57778,767.59535
12.58135,767.64641
12.58429,767.59897
12.58799,767.81226
12.59119,768.10601
12.59478,767.61652
12.59782,768.21084
12.60094,767.70388
12.60460,768.09593
12.60828,768.23812
12.61088,768.05008
12.61527,768.10838
12.61833,768.20885
12.62139,768.06423
12.62528,768.15549
12.62888,768.19990
12.63153,768.06190
12.63520,768.35649
12.63839,768.07835
12.64210,768.16738
12.64557,768.39565
12.64901,768.49536
12.65205,768.55085
12.65546,768.33203
12.65919,768.60282
12.66248,768.41365
12.66541,768.41015
12.66874,768.44806
12.67210,768.68339
12.67627,768.92832
12.67981,768.36145
12.68306,768.63703
12.68646,768.64942
12.68962,768.32531
12.69361,768.65077
12.69603,768.45053
12.70012,768.81298
12.70327,768.96761
12.70712,768.66538
12.70997,768.84641
12.71366,768.80546
12.71751,768.80050
12.72064,768.99032
12.72361,768.82352
12.72670,768.98939
12.73067,769.11653
12.73427,769.02389
12.73781,769.18081
12.74105,768.92652
12.74400,769.20075
12.74739,769.23178
12.75091,769.09448
12.75373,768.72135
12.75738,769.19634
12.76102,769.14700
12.76364,769.11613
12.76668,769.31149
12.77108,769.59389
12.77454,769.37962
12.77755,769.42311
12.78113,769.67660
12.78438,769.21183
12.78758,769.58860
12.79133,769.06270
12.79394,769.55688
12.79770,769.31981
12.80126,769.57866
12.80449,769.46514
12.80800,769.16503
12.81137,769.88604
12.81476,769.47363
12.81765,769.39309
12.82147,769.79740
12.82462,769.92100
12.82846,769.64372
12.83109,769.34031
12.83473,769.80338
12.83797,769.92599
12.84142,769.76254
12.84461,769.89576
12.84843,769.85908
12.85184,770.11348
12.85547,770.37576
12.85884,770.22058
12.86261,770.03865
12.86549,769.93024
12.86924,770.27583
12.87247,770.07780
12.87509,769.86552
12.87900,770.11847
12.88270,770.28827
12.88576,769.98362
12.88922,770.26813
12.89235,770.19269
12.89645,770.26522
12.90001,770.75524
12.90342,770.53639
12.90658,770.43864
12.90977,769.97410
12.91314,770.16647
12.91691,770.47028
12.92043,770.34563
12.92328,770.53459
12.92664,770.49516
12.93034,770.60327
12.93389,770.78570
12.93685,770.59917
12.94085,770.58623
12.94408,770.65499
12.94730,770.77573
12.95058,771.03255
12.95405,770.69897
12.95774,770.93550
12.96124,770.85000
12.96490,770.81076
12.96815,771.11324
12.97189,770.86680
12.97482,771.08237
12.97809,770.85456
12.98222,771.20573
12.98537,771.30707
12.98836,770.78101
12.99180,771.18118
12.99548,771.09829
12.99922,771.22310
13.00262,771.08770
13.00587,771.44824
13.00901,771.08421
13.01254,771.26947
13.01599,771.28473
13.01941,771.23832
13.02337,771.41395
13.02640,771.55456
13.03041,771.79091
13.03306,771.62236
13.03699,771.41207
13.03990,771.55065
13.04362,771.79194
13.04703,771.36871
13.04971,771.57870
13.05359,771.57651
13.05669,771.59460
13.06014,771.17263
13.06378,771.73582
13.06698,771.75587
13.07109,772.16685
13.07461,771.67367
13.07753,771.51958
13.08084,771.78598
13.08429,772.13936
13.08772,771.71142
13.09159,771.90453
13.09474,772.08386
13.09812,771.78244
13.10189,772.11015
13.10491,771.96761
13.10856,772.31386
13.11216,772.11402
13.11546,772.31100
13.11856,772.15953
13.12203,772.37890
13.12591,772.12700
13.12966,772.55379
13.13246,772.42226
13.13615,772.20548
13.13977,772.23298
13.14308,771.84035
13.14696,772.28538
13.15059,772.43977
13.15366,772.34084
13.15697,772.24486
13.16059,772.63483
13.16327,772.44040
13.16668,772.34021
13.17062,772.45019
13.17431,772.62581
13.17775,772.59731
13.18088,772.69225
13.18475,772.65944
13.18814,772.72442
13.19160,773.07671
13.19487,773.00357
13.19851,772.83649
13.20145,772.72237
13.20533,772.96160
13.20792,772.45292
13.21154,772.99082
13.21514,773.02688
13.21842,773.12602
13.22190,773.13527
13.22529,772.76426
13.22877,773.06848
13.23294,773.07344
13.23575,772.82754
13.23943,772.97259
13.24271,772.90003
13.24635,773.11513
13.24991,773.08409
13.25288,773.40232
13.25656,773.28974
13.25988,773.06731
13.26261,773.17795
13.26622,772.92514
13.26928,773.22825
13.27306,773.40030
13.27635,773.54925
13.28023,773.17482
13.28365,773.71800
13.28727,773.58977
13.29046,773.38871
13.29428,773.80117
13.29730,773.34198
13.30092,773.51471
13.30443,773.81046
13.30799,773.64446
13.31096,773.40922
13.31408,773.24129
13.31727,773.58147
13.32118,773.70979
13.32401,773.36639
13.32759,773.76028
13.33152,773.86003
13.33509,774.13572
13.33877,773.78557
13.34148,773.90453
13.34565,773.88206
13.34822,773.88675
13.35153,773.70789
13.35543,773.97791
13.35884,773.84431
13.36198,774.11759
13.36517,773.70681
13.36910,774.19375
13.37266,774.21087
13.37579,774.49693
13.37902,774.15060
13.38247,774.30536
13.38657,774.49028
13.38957,774.13955
13.39270,774.33136
13.39678,774.48527
13.40074,774.53061
13.40359,774.16742
13.40719,774.37522
13.40978,774.43570
13.41399,774.41724
13.41680,774.15290
13.42011,774.34949
13.42364,774.58803
13.42775,774.64282
13.43069,774.47904
13.43451,774.79498
13.43752,774.69137
13.44201,774.98254
13.44497,774.21736
13.44862,774.72255
13.45089,774.18645
13.45460,774.74378
13.45846,774.85285
13.46192,774.80432
13.46550,774.92871
13.46894,774.76379
13.47200,774.91384
13.47599,774.93725
13.47910,774.50282
13.48245,775.01080
13.48585,774.70144
13.48875,774.87835
13.49242,774.89970
13.49547,775.21978
13.49951,775.25343
13.50347,775.11461
13.50658,774.74153
13.51028,775.19583
13.51345,775.04379
13.51679,775.37994
13.52019,775.09362
13.52346,775.03315
13.52699,775.27599
13.53053,775.34236
13.53350,775.10455
13.53733,775.64304
13.54089,775.77272
13.54450,775.55010
13.54831,775.22363
13.55156,775.63832
13.55577,775.70774
13.55873,775.50701
13.56230,775.57369
13.56551,775.39754
13.56873,775.40441
13.57188,775.52471
13.57561,775.37133
13.57878,775.45445
13.58200,775.41836
13.58529,775.74329
13.58949,775.90788
13.59226,775.50057
13.59552,775.86184
13.59906,775.63680
13.60216,775.99880
13.60576,775.83763
13.60915,776.03310
13.61347,776.19639
13.61686,775.89429
13.61996,776.07854
13.62353,776.05516
13.62699,776.17144
13.63099,776.31916
13.63357,775.93441
13.63694,775.76310
13.64041,776.16561
13.64407,776.16073
13.64752,776.03156
13.65127,776.58308
13.65427,775.98266
13.65792,776.30731
13.66133,776.25406
13.66494,776.41393
13.66820,776.53420
13.67188,776.59313
13.67517,776.40248
13.67917,776.55878
13.68258,776.59618
13.68572,776.67628
13.68898,776.49554
13.69337,776.93457
13.69656,776.59759
13.70051,776.87360
13.70344,776.81222
13.70821,776.90644
13.71080,776.50229
13.71420,776.92079
13.71746,776.44087
13.72055,776.56738
13.72415,776.91269
13.72728,776.67830
13.73104,776.65898
13.73454,776.73489
13.73821,777.20367
13.74182,777.19170
13.74516,776.94341
13.74836,777.09680
13.75204,777.08023
13.75530,777.00334
13.75870,776.82605
13.76301,777.32362
13.76568,777.25431
13.76918,777.09799
13.77296,777.18034
13.77657,777.17534
13.77907,777.10619
13.78301,777.47993
13.78658,777.28847
13.79028,777.59857
13.79354,777.25044
13.79713,777.22750
13.80042,777.26514
13.80389,777.52066
13.80724,777.94378
13.81047,777.20105
13.81408,777.29921
13.81768,777.25077
13.82078,777.36303
13.82459,777.24109
13.82828,777.86608
13.83157,777.60860
13.83478,777.66874
13.83848,777.83922
13.84200,777.60151
13.84592,778.02007
13.84901,777.64944
13.85243,777.71890
13.85555,777.91899
13.85842,777.67408
13.86348,778.22940
13.86658,778.04562
13.86959,777.81393
13.87288,777.86829
13.87720,778.11834
13.87987,778.18143
13.88352,777.70901
13.88745,778.21027
13.89058,777.96540
13.89396,778.02262
13.89713,777.96882
13.90104,778.51544
13.90438,778.23664
13.90745,778.29816
13.91105,778.31175
13.91453,777.98498
13.91829,778.23185
13.92114,777.69227
13.92529,778.70735
13.92865,778.49221
13.93262,778.56549
13.93581,778.47498
