-0.00080,0.19772
0.00124,4.34373
0.00385,8.37934
0.00482,10.77561
0.00640,14.97214
0.00864,18.50410
0.00964,21.55019
0.01163,25.42266
0.01320,28.41352
0.01525,32.06285
0.01569,35.32391
0.01771,38.48975
0.01946,42.49907
0.02125,45.57636
0.02351,49.17874
0.02342,50.94132
0.02547,55.02850
0.02638,57.48323
0.02763,60.06259
0.02950,63.38065
0.03116,66.79299
0.03212,69.50819
0.03437,74.12030
0.03634,77.37731
0.03760,80.22725
0.03913,84.02274
0.03994,87.31740
0.04251,91.46293
0.04428,95.23555
0.04637,98.41907
0.04805,102.05848
0.04923,104.86395
0.05061,107.83599
0.05198,110.37180
0.05341,113.78299
0.05499,116.77086
0.05581,119.37239
0.05782,122.29366
0.05937,126.01806
0.06040,129.39536
0.06175,132.38431
0.06369,135.27229
0.06537,137.95749
0.06614,141.17203
0.06874,144.46537
0.06932,147.52589
0.07017,149.68078
0.07160,153.12102
0.07267,155.64495
0.07422,158.43482
0.07571,161.32987
0.07767,165.01968
0.07858,167.36030
0.08005,170.27435
0.08168,173.21834
0.08342,176.08688
0.08496,179.01771
0.08595,181.88272
0.08684,184.86962
0.08924,188.82205
0.08965,190.42885
0.09195,194.42281
0.09347,196.75326
0.09440,199.05480
0.09559,202.70951
0.09712,204.75804
0.09814,207.51701
0.09996,210.56067
0.10049,212.19891
0.10233,215.17531
0.10281,217.58765
0.10458,220.37609
0.10553,223.08941
0.10655,225.01154
0.10792,227.86221
0.10908,229.83329
0.10968,232.17866
0.11129,234.59539
0.11197,236.15710
0.11243,238.03932
0.11397,240.91195
0.11481,242.82864
0.11636,245.49222
0.11656,247.31234
0.11852,250.31918
0.11914,252.28312
0.12061,255.45514
0.12099,256.26156
0.12229,258.83305
0.12488,261.43928
0.12455,263.29695
0.12621,265.89547
0.12671,267.51514
0.12746,269.77178
0.12827,271.81059
0.12998,272.93533
0.13024,275.24400
0.13198,277.40401
0.13261,279.51685
0.13370,281.19103
0.13464,283.64030
0.13510,284.51932
0.13659,287.59765
0.13818,289.23767
0.13824,290.98852
0.14012,293.58569
0.13974,294.84706
0.14220,297.38784
0.14253,299.91131
0.14423,301.48710
0.14446,303.60936
0.14522,304.99121
0.14580,306.38573
0.14654,308.06998
0.14840,310.92450
0.14841,312.06671
0.14976,313.97784
0.15018,316.07375
0.15170,317.53981
0.15276,320.78098
0.15393,321.89261
0.15444,323.79646
0.15543,325.79263
0.15602,327.19430
0.15710,328.97089
0.15792,330.99612
0.15868,333.03364
0.15959,334.51262
0.15912,335.53441
0.16109,337.79684
0.16195,339.20603
0.16262,340.46918
0.16370,342.69836
0.16457,345.27805
0.16568,345.69784
0.16709,348.72406
0.16746,350.60295
0.16803,351.69342
0.16912,353.96155
0.16992,355.61665
0.17074,357.60241
0.17090,358.69222
0.17214,360.39301
0.17273,362.00876
0.17419,363.09327
0.17478,364.98014
0.17625,367.14181
0.17665,368.26461
0.17740,370.43334
0.17771,372.08839
0.17876,372.93332
0.17982,376.08170
0.17998,377.15288
0.18116,378.49967
0.18273,381.05121
0.18365,383.00374
0.18448,384.08444
0.18495,385.92697
0.18559,387.42277
0.18609,388.91755
0.18771,390.60017
0.18763,391.22273
0.18820,393.13205
0.18959,394.63582
0.19037,395.99013
0.19201,398.25057
0.19190,397.87151
0.19308,400.75097
0.19313,401.10218
0.19417,401.89045
0.19415,402.38952
0.19561,403.55768
0.19528,403.15759
0.19446,400.09687
0.19256,396.67388
0.19189,393.00475
0.18972,389.62874
0.18802,386.94597
0.18680,384.84540
0.18570,382.54849
0.18547,380.44903
0.18467,380.01623
0.18352,377.53877
0.18406,378.17251
0.18307,377.23159
0.18395,377.49142
0.18305,376.62096
0.18388,377.16664
0.18387,376.93076
0.18351,377.13190
0.18306,376.68004
0.18415,376.52440
0.18312,376.64096
0.18354,376.65095
0.18364,376.51305
0.18406,376.85393
0.18280,376.88409
0.18522,377.47336
0.18420,377.81565
0.18441,377.68953
0.18446,377.85392
0.18516,378.60082
0.18490,378.44221
0.18517,378.51599
0.18499,378.78146
0.18550,379.03717
0.18538,378.76404
0.18560,378.83397
0.18599,378.76349
0.18597,379.52262
0.18663,379.10763
0.18715,379.36950
0.18692,379.51158
0.18704,378.87036
0.18715,379.70988
0.18684,379.00106
0.18747,379.52275
0.18628,378.52120
0.18760,379.21655
0.18656,378.47223
0.18716,378.19089
0.18719,377.57735
0.18814,378.05704
0.18794,378.04933
0.18935,378.35772
0.18871,377.66170
0.18855,377.53349
0.18932,378.35750
0.18953,378.65019
0.18974,378.72370
0.18946,378.41502
0.18991,378.16739
0.19035,379.04856
0.18998,379.05424
0.19012,378.83468
0.19124,378.97122
0.19144,379.20724
0.19193,378.73147
0.19277,378.84856
0.19326,379.01322
0.19447,378.39538
0.19521,378.66871
0.19642,378.72068
0.19933,379.01533
0.19989,378.50743
0.20235,379.39986
0.20450,379.22122
0.20658,379.32316
0.20950,379.47844
0.21175,379.86231
0.21465,378.89231
0.21730,379.44157
0.21984,378.96518
0.22350,379.61725
0.22662,379.13663
0.23070,380.01355
0.23554,380.12517
0.24163,380.07175
0.24667,380.32040
0.25142,380.46442
0.25767,380.55730
0.26401,381.20186
0.27032,380.39294
0.27740,380.92209
0.28422,380.36851
0.29169,380.93148
0.29848,380.98119
0.30489,380.56380
0.31202,381.13217
0.31957,380.83653
0.32724,380.50516
0.33638,381.34424
0.34446,381.08984
0.35315,381.07866
0.36161,380.66148
0.36921,380.78697
0.37689,380.61150
0.38609,381.39418
0.39392,380.79082
0.40239,381.07712
0.41029,381.11782
0.41919,381.31265
0.42757,381.30221
0.43565,381.70061
0.44503,381.40151
0.45375,381.35853
0.46153,381.33579
0.46949,381.63481
0.47821,382.13983
0.48570,381.12778
0.49528,382.10859
0.50352,383.00699
0.51218,382.60112
0.52152,382.69921
0.53072,382.96463
0.53971,382.63639
0.54733,382.71539
0.55652,383.18792
0.56588,383.38325
0.57552,383.20957
0.58304,382.62054
0.59276,383.05713
0.60175,382.83242
0.61187,382.74112
0.62135,382.78186
0.63005,382.76352
0.63938,383.13188
0.64736,382.54900
0.65724,382.89731
0.66635,382.13128
0.67447,381.83566
0.68328,382.36066
0.69115,382.66799
0.69971,382.55279
0.70878,383.33437
0.71735,383.02377
0.72600,382.93896
0.73532,382.66280
0.74361,382.23903
0.75247,382.19581
0.76054,381.78455
0.76899,382.05024
0.77734,382.92073
0.78600,383.11495
0.79431,383.38554
0.80358,383.76365
0.81285,383.41184
0.82079,383.83884
0.82949,383.58704
0.83842,384.06537
0.84759,384.13739
0.85650,384.06538
0.86480,383.50124
0.87376,383.78056
0.88223,383.75813
0.89040,384.10001
0.89920,384.86701
0.90752,385.36397
0.91506,384.78706
0.92374,384.86114
0.93179,385.46521
0.94022,384.95281
0.94906,384.40050
0.95783,384.44727
0.96634,384.59746
0.97412,384.56283
0.98276,384.44463
0.98937,384.65818
0.99777,385.26228
1.00585,385.17755
1.01376,385.98574
1.02089,386.00677
1.02842,385.73414
1.03705,385.59503
1.04458,386.07653
1.05187,385.45135
1.05939,385.75861
1.06556,385.81502
1.07201,385.40958
1.07889,385.44848
1.08549,386.18840
1.09161,385.69248
1.09921,386.42641
1.10456,385.33986
1.11156,385.93193
1.11542,385.74353
1.12166,385.67103
1.12621,385.82990
1.13120,385.55332
1.13540,385.26542
1.13942,385.13811
1.14308,385.10348
1.14769,386.02481
1.15198,386.04053
1.15488,385.71116
1.15815,385.44342
1.16057,385.49753
1.16409,385.63196
1.16582,385.61966
1.16843,385.66487
1.17025,385.92536
1.17207,385.36503
1.17403,385.68932
1.17538,385.62533
1.17709,385.64290
1.17783,385.22586
1.17922,385.52583
1.18115,385.28642
1.18119,385.64853
1.18201,385.09781
1.18338,385.50960
1.18375,385.29968
1.18442,384.90917
1.18529,385.12463
1.18549,384.99074
1.18600,385.35101
1.18698,385.17786
1.18762,385.71830
1.18865,386.25256
1.18894,385.66005
1.18987,386.08035
1.19070,386.55354
1.19073,386.97441
1.19192,387.48647
1.19255,387.68931
1.19335,387.58023
1.19340,387.96752
1.19466,388.01936
1.19450,387.95122
1.19515,388.82262
1.19625,388.83953
1.19499,387.89118
1.19566,388.61888
1.19601,389.23253
1.19693,390.03118
1.19718,389.29203
1.19828,390.43929
1.19811,389.85914
1.19880,389.93997
1.19874,389.70513
1.19902,390.10634
1.19996,390.86662
1.19970,390.48326
1.20060,390.79482
1.20042,391.12009
1.20065,391.19506
1.20193,391.71142
1.20109,390.81946
1.20102,390.82299
1.20167,391.91026
1.20175,391.55450
1.20209,392.13973
1.20288,392.29497
1.20219,391.68757
1.20219,391.51449
1.20259,391.78209
1.20288,391.55620
1.20253,391.60386
1.20271,390.64194
1.20269,389.97621
1.20219,389.44491
1.20066,386.52958
1.19985,384.43659
1.19809,380.99210
1.19731,379.17498
1.19650,378.65812
1.19617,378.64577
1.19566,378.98985
1.19659,380.90193
1.19714,382.12201
1.19801,383.24183
1.19799,384.59522
1.19899,385.99128
1.19946,386.91901
1.20021,388.97254
1.20096,390.35266
1.20172,391.35510
1.20172,392.33817
1.20302,393.10242
1.20344,394.07130
1.20419,395.36229
1.20495,395.83073
1.20552,396.35173
1.20690,397.06364
1.20740,397.81728
1.20828,398.52613
1.21007,398.35357
1.21155,399.34979
1.21266,399.75477
1.21331,399.34177
1.21575,400.37892
1.21746,400.28025
1.21951,401.17153
1.22160,400.97389
1.22362,401.87855
1.22570,402.43933
1.22751,402.46434
1.23064,402.46508
1.23243,402.66974
1.23498,402.93477
1.23750,403.74307
1.24015,403.58095
1.24258,403.62359
1.24524,404.15009
1.24793,404.27923
1.25035,405.12324
1.25294,404.66679
1.25593,405.46698
1.25780,405.39033
1.26129,406.13793
1.26429,406.23474
1.26735,406.94332
1.26996,407.06057
1.27325,407.69413
1.27601,407.32471
1.27877,408.38790
1.28157,408.25855
1.28543,408.49422
1.28755,408.70861
1.29064,408.30676
1.29348,409.50686
1.29635,409.59949
1.29970,410.42886
1.30270,410.14336
1.30487,410.52429
1.30773,410.81698
1.31065,411.06767
1.31402,411.70181
1.31681,411.76079
1.31996,411.68790
1.32231,411.65632
1.32546,412.32314
1.32755,412.18586
1.33126,412.89128
1.33343,413.52197
1.33627,413.47933
1.34010,413.71125
1.34313,414.46889
1.34554,414.28025
1.34795,414.43679
1.35142,415.32200
1.35386,415.08861
1.35712,415.39889
1.36098,415.68503
1.36357,415.56689
1.36570,416.31700
1.36886,416.23100
1.37071,416.35047
1.37407,416.88933
1.37791,416.89161
1.38045,417.27846
1.38264,417.45594
1.38584,417.56737
1.38864,418.17521
1.39122,418.31376
1.39396,418.70353
1.39695,419.01823
1.40016,419.54819
1.40295,419.21653
1.40622,420.13853
1.40910,419.89875
1.41160,420.37336
1.41374,420.24183
1.41720,420.86759
1.42085,420.82799
1.42288,421.20376
1.42715,422.09462
1.42878,420.98014
1.43261,422.06666
1.43510,422.28824
1.43778,422.51934
1.44074,422.86736
1.44362,422.72545
1.44613,423.10797
1.44999,424.19712
1.45273,424.03458
1.45531,424.20516
1.45824,423.55684
1.46078,424.83152
1.46455,425.49711
1.46694,424.82965
1.46957,424.83231
1.47265,425.61431
1.47489,425.66125
1.47844,426.32834
1.48123,426.02039
1.48440,426.70319
1.48632,426.54219
1.48977,426.78723
1.49252,427.17365
1.49486,427.44894
1.49797,427.57932
1.50132,428.44077
1.50410,428.15628
1.50738,428.72446
1.50982,428.23339
1.51278,428.74196
1.51599,429.70218
1.51798,428.97713
1.52099,429.60994
1.52436,429.95396
1.52610,430.12094
1.52955,430.11334
1.53224,430.88647
1.53483,430.51856
1.53824,431.32677
1.54086,430.67585
1.54362,431.70796
1.54628,431.62293
1.54962,432.20341
1.55248,432.61302
1.55546,432.53683
1.55862,433.09757
1.56099,432.43591
1.56424,433.47756
1.56742,433.55978
1.56975,433.61328
1.57187,433.39007
1.57566,434.83744
1.57792,433.94386
1.58117,435.25096
1.58350,434.15665
1.58671,435.34528
1.58930,435.49090
1.59236,435.63399
1.59554,435.65198
1.59873,436.05189
1.60126,436.54631
1.60354,436.41600
1.60766,437.55353
1.61040,436.95330
1.61257,436.97876
1.61575,437.83188
1.61971,438.26325
1.62244,438.25476
1.62428,437.77433
1.62749,438.69876
1.63048,438.38387
1.63382,439.31148
1.63631,439.45442
1.63929,439.05620
1.64158,439.18018
1.64474,440.44437
1.64691,439.66999
1.65082,440.10364
1.65366,440.71578
1.65673,441.27529
1.65948,440.95506
1.66195,440.99007
1.66525,441.49909
1.66797,442.15496
1.67081,441.95596
1.67392,442.22416
1.67634,442.48226
1.67998,443.00649
1.68289,443.11219
1.68536,443.18069
1.68800,443.36617
1.69097,443.69211
1.69371,444.05271
1.69701,443.83859
1.69972,444.38614
1.70200,444.13186
1.70425,445.07895
1.70727,444.76049
1.71097,445.64176
1.71360,445.51893
1.71636,445.37710
1.71876,445.86160
1.72256,446.47339
1.72534,446.11412
1.72758,446.59145
1.73081,447.21743
1.73404,447.25445
1.73669,446.96415
1.73893,447.89800
1.74220,447.54944
1.74361,447.66955
1.74723,448.07376
1.75028,448.50183
1.75324,448.56840
1.75493,448.36106
1.75836,448.99448
1.76207,449.36242
1.76437,449.34522
1.76759,449.74867
1.77013,449.81090
1.77333,450.31904
1.77586,450.49253
1.77909,450.84299
1.78172,450.90834
1.78461,451.16426
1.78764,451.18415
1.79100,451.40564
1.79269,451.21353
1.79634,451.96091
1.79867,452.59321
1.80169,452.24036
1.80449,452.59108
1.80731,452.49356
1.81044,452.65751
1.81312,453.34072
1.81595,453.37004
1.81940,453.82867
1.82156,454.10101
1.82516,454.04451
1.82764,454.83555
1.83072,454.68276
1.83311,454.74849
1.83639,455.13773
1.83937,455.20177
1.84229,455.93122
1.84522,455.92767
1.84872,456.40816
1.85112,455.94701
1.85427,456.23638
1.85741,456.81486
1.85973,456.56304
1.86286,457.05732
1.86547,457.32880
1.86781,457.61608
1.87077,458.00854
1.87405,458.37883
1.87675,458.00062
1.87955,458.83143
1.88247,457.75048
1.88565,459.07797
1.88848,459.53619
1.89080,459.11848
1.89399,459.37311
1.89711,459.99125
1.89951,459.79498
1.90305,459.66638
1.90547,460.66061
1.90840,460.26840
1.91147,460.66319
1.91507,461.61458
1.91775,461.22630
1.91987,461.03015
1.92290,461.95189
1.92647,461.96458
1.92939,462.31683
1.93208,462.49971
1.93504,462.31962
1.93795,462.48219
1.94090,462.71331
1.94412,462.70590
1.94666,463.60185
1.94993,463.83552
1.95275,463.78369
1.95601,464.71651
1.95851,463.65920
1.96107,463.94515
1.96454,464.82308
1.96755,464.85734
1.97003,464.97130
1.97283,465.45281
1.97534,465.58432
1.97917,465.69967
1.98145,465.77784
1.98465,466.17927
1.98767,466.63343
1.99130,466.54601
1.99394,467.09677
1.99685,466.91096
2.00001,467.19203
2.00250,467.59411
2.00574,467.82126
2.00835,467.68126
2.01169,467.84117
2.01481,468.62552
2.01794,468.74118
2.02055,468.47489
2.02259,468.49175
2.02636,469.46119
2.02897,468.62150
2.03231,470.04105
2.03499,469.73436
2.03770,470.11196
2.04109,470.15894
2.04352,470.43131
2.04655,470.43681
2.04887,470.94350
2.05256,470.86426
2.05500,470.80487
2.05782,471.00752
2.06116,471.57620
2.06423,471.96041
2.06741,472.40803
2.07028,472.18951
2.07310,472.52016
2.07627,472.46606
2.07903,472.75731
2.08184,472.96538
2.08470,473.29318
2.08773,473.46028
2.09066,473.63027
2.09373,473.44800
2.09579,473.63421
2.09972,474.22409
2.10196,474.35748
2.10484,474.31112
2.10818,474.99127
2.11111,475.09405
2.11351,475.52087
2.11739,475.60526
2.11961,475.30431
2.12256,475.62805
2.12552,476.14193
2.12845,476.57766
2.13133,476.41911
2.13488,476.70587
2.13777,477.00609
2.14052,476.40497
2.14349,477.15782
2.14598,477.29416
2.14884,477.36052
2.15202,478.13461
2.15457,477.89649
2.15759,478.08706
2.16103,477.98458
2.16370,478.94226
2.16631,478.97487
2.16913,478.92862
2.17278,479.18839
2.17533,479.65283
2.17890,480.14413
2.18067,478.63978
2.18431,480.52515
2.18749,480.61210
2.18990,480.29960
2.19282,480.79277
2.19551,480.84054
2.19840,481.04759
2.20132,480.89553
2.20416,481.26572
2.20709,481.47533
2.20993,482.02272
2.21300,482.14836
2.21694,482.53486
2.21875,482.34181
2.22161,482.52312
2.22490,483.05987
2.22733,482.79777
2.23042,483.37000
2.23317,483.49774
2.23652,483.68832
2.23872,484.19432
2.24271,484.17814
2.24470,484.13908
2.24799,484.72869
2.25054,484.57610
2.25387,485.09715
2.25643,485.05907
2.25957,484.97013
2.26267,485.61915
2.26586,486.11266
2.26864,485.67297
2.27115,485.80268
2.27415,485.97886
2.27692,486.38139
2.28080,486.74644
2.28332,486.69952
2.28576,486.45176
2.28891,487.33822
2.29239,487.47434
2.29440,487.43192
2.29709,487.83833
2.30012,487.72663
2.30375,488.07694
2.30570,488.16189
2.30878,488.08401
2.31214,488.97755
2.31505,489.49035
2.31825,489.48259
2.32051,489.04168
2.32351,489.23381
2.32704,489.35832
2.32925,489.64716
2.33297,490.80679
2.33529,490.03134
2.33883,490.54670
2.34138,490.63390
2.34390,490.18129
2.34606,490.58546
2.34989,491.09688
2.35244,491.62155
2.35621,491.53353
2.35859,492.20385
2.36166,491.62166
2.36415,492.40807
2.36783,492.61546
2.37040,492.36722
2.37347,492.91699
2.37617,492.25667
2.37889,492.73623
2.38137,493.02236
2.38462,493.62068
2.38806,494.06727
2.39046,493.91664
2.39405,494.12666
2.39610,494.06278
2.39906,494.19098
2.40246,494.68223
2.40541,494.80950
2.40943,495.45780
2.41097,494.47283
2.41381,494.91757
2.41755,495.39917
2.42007,495.94377
2.42277,496.18279
2.42620,496.16066
2.42943,496.32377
2.43124,496.13001
2.43493,496.91561
2.43771,496.74219
2.44018,496.99039
2.44246,496.99326
2.44572,497.74243
2.44862,497.16795
2.45166,497.82083
2.45514,497.98591
2.45784,498.02743
2.46114,498.30087
2.46381,498.28115
2.46607,498.79993
2.46941,498.60947
2.47251,498.65099
2.47561,499.31252
2.47842,499.69092
2.48110,498.81885
2.48392,500.16295
2.48721,499.97748
2.48898,499.67947
2.49236,500.58724
2.49478,500.35815
2.49870,501.21109
2.50168,500.88020
2.50450,500.80322
2.50716,500.97985
2.51090,501.56834
2.51331,501.58663
2.51579,501.46638
2.51902,501.59021
2.52143,501.88243
2.52482,502.41854
2.52780,502.36960
2.53038,502.80276
2.53355,503.01442
2.53671,503.35153
2.53975,503.73543
2.54237,503.48186
2.54596,503.90108
2.54820,503.61147
2.55101,504.12784
2.55446,504.45916
2.55680,504.00787
2.56007,504.16183
2.56212,504.22998
2.56500,504.96073
2.56829,504.80116
2.57171,505.28741
2.57445,505.39281
2.57758,505.59011
2.58061,506.00260
2.58362,505.69162
2.58589,505.85794
2.58915,506.54181
2.59205,505.72967
2.59489,507.23971
2.59795,506.72424
2.60052,507.02927
2.60344,507.06411
2.60647,507.59981
2.60963,507.65473
2.61275,507.71680
2.61513,507.97416
2.61885,508.20156
2.62070,507.96928
2.62436,508.02343
2.62696,508.80672
2.63014,509.02345
2.63262,508.78554
2.63522,508.90712
2.63842,509.64600
2.64196,509.78476
2.64478,509.19391
2.64787,510.02132
2.65114,509.93563
2.65300,510.04731
2.65616,510.04073
2.65941,510.56440
2.66230,510.76515
2.66549,511.02357
2.66787,511.15829
2.67076,511.14920
2.67436,511.77322
2.67703,511.29299
2.68049,512.01080
2.68260,511.47624
2.68564,511.53031
2.68864,512.26164
2.69219,512.80947
2.69488,512.54760
2.69750,512.52396
2.70070,512.68948
2.70406,513.42161
2.70677,513.19342
2.70970,513.51711
2.71299,513.46053
2.71551,513.55905
2.71827,513.93146
2.72079,513.83288
2.72432,514.27763
2.72732,514.71307
2.72966,514.33781
2.73282,514.93289
2.73534,514.92831
2.73775,515.22772
2.74097,514.90286
2.74449,515.94545
2.74724,515.79149
2.75045,516.01185
2.75287,516.28013
2.75650,516.70375
2.75886,515.80996
2.76198,516.30038
2.76491,516.80421
2.76830,517.22508
2.77042,516.87007
2.77344,517.08329
2.77563,517.39227
2.77943,517.69932
2.78201,517.17098
2.78542,518.45359
2.78783,517.66606
2.79104,518.29151
2.79433,518.83231
2.79675,518.06919
2.79988,518.46222
2.80262,518.93990
2.80620,519.03614
2.80845,518.98024
2.81171,519.13737
2.81488,519.77925
2.81828,519.76388
2.81976,519.33462
2.82361,519.97724
2.82615,520.03465
2.82947,520.49130
2.83258,520.20696
2.83509,520.54620
2.83806,520.65213
2.84084,521.04444
2.84400,521.00957
2.84776,521.46932
2.84917,521.08958
2.85260,521.35915
2.85600,522.37209
2.85807,521.45429
2.86155,522.60161
2.86399,521.37167
2.86729,522.14347
2.87068,523.06618
2.87254,522.76413
2.87611,522.75395
2.87899,522.92531
2.88288,523.52997
2.88460,523.63511
2.88793,523.42321
2.89012,523.76423
2.89331,523.81424
2.89547,523.39806
2.89938,524.03647
2.90223,524.36356
2.90519,524.60352
2.90890,525.48631
2.91124,525.01464
2.91436,525.11998
2.91767,525.94700
2.92069,525.14700
2.92341,525.38524
2.92603,525.59536
2.92885,525.70751
2.93255,526.77087
2.93491,525.63643
2.93774,526.47705
2.94019,526.42108
2.94417,526.67903
2.94607,526.32184
2.95003,527.25436
2.95246,526.92622
2.95578,527.28577
2.95844,527.87446
2.96170,527.43292
2.96463,528.35837
2.96779,527.57821
2.97066,528.66434
2.97325,528.00744
2.97661,528.08452
2.97944,528.91371
2.98228,528.95530
2.98504,528.68657
2.98829,529.30940
2.99117,529.23394
2.99402,529.44627
2.99760,530.01499
2.99956,529.27154
3.00283,529.83717
3.00557,530.36791
3.00867,530.55375
3.01135,530.15330
3.01483,531.00216
3.01778,530.35823
3.02051,530.78018
3.02364,531.03442
3.02692,531.12598
3.02972,531.39885
3.03244,531.76967
3.03553,531.38696
3.03889,531.68200
3.04125,531.98719
3.04405,531.45512
3.04721,532.28049
3.05012,532.46921
3.05319,532.64695
3.05645,532.92093
3.05876,532.95863
3.06196,533.41658
3.06421,533.01094
3.06797,533.77171
3.07084,533.84075
3.07378,533.77442
3.07713,533.82038
3.07911,533.63459
3.08244,534.13060
3.08615,534.71205
3.08804,533.48089
3.09184,535.20352
3.09433,534.31972
3.09744,535.14758
3.09981,534.80778
3.10347,535.27970
3.10632,534.72125
3.10893,535.01782
3.11156,535.45506
3.11433,536.16426
3.11752,536.16580
3.12132,536.58420
3.12437,536.68299
3.12705,536.13872
3.12998,536.33500
3.13355,537.21967
3.13628,536.76060
3.13963,537.14283
3.14267,537.15797
3.14475,537.33893
3.14837,537.93004
3.15058,537.59889
3.15383,537.63193
3.15660,538.14289
3.16024,538.10293
3.16234,538.18001
3.16565,538.34133
3.16970,539.36001
3.17174,538.44274
3.17418,538.69009
3.17790,539.00973
3.18003,538.95055
3.18383,539.28180
3.18640,539.06534
3.18926,539.61408
3.19202,539.62366
3.19531,540.06978
3.19850,540.45400
3.20132,540.04696
3.20413,540.06033
3.20693,540.47795
3.20997,540.30805
3.21317,540.96704
3.21588,540.74479
3.21905,541.32445
3.22148,541.56110
3.22507,541.43727
3.22737,541.54594
3.23091,542.29246
3.23338,541.34240
3.23615,541.78888
3.23937,542.44038
3.24201,542.36631
3.24608,543.13363
3.24803,542.36746
3.25118,542.97538
3.25401,543.00153
3.25718,543.18797
3.25996,543.48584
3.26343,543.65642
3.26598,543.12703
3.26943,543.86060
3.27212,543.52698
3.27571,544.02400
3.27787,543.64324
3.28106,544.19425
3.28323,544.21716
3.28727,544.37378
3.29050,545.10392
3.29369,545.32952
3.29559,544.73962
3.29851,545.29622
3.30211,545.11103
3.30532,545.37250
3.30743,545.74576
3.31064,545.69553
3.31391,545.71301
3.31629,545.72590
3.32000,546.67749
3.32258,546.22394
3.32546,545.88256
3.32857,546.47192
3.33144,547.16932
3.33415,547.07941
3.33726,546.78699
3.34034,547.27623
3.34343,547.28848
3.34625,547.35785
3.34906,547.45237
3.35239,547.61939
3.35504,547.98169
3.35841,548.12121
3.36143,548.43994
3.36381,548.39139
3.36715,548.61770
3.37055,549.00765
3.37295,548.41578
3.37665,548.99224
3.37897,549.09906
3.38236,549.29520
3.38517,549.27314
3.38745,549.61720
3.39027,549.24152
3.39342,549.86199
3.39714,550.55597
3.39974,549.98564
3.40353,550.47918
3.40565,550.43190
3.40833,550.07370
3.41131,550.67167
3.41524,551.33374
3.41777,550.78265
3.42046,551.00213
3.42305,550.73892
3.42581,551.01114
3.42862,551.32371
3.43259,552.22846
3.43486,551.65501
3.43834,551.74986
3.44122,551.61938
3.44447,551.95467
3.44700,552.03762
3.45019,552.83425
3.45388,552.87988
3.45639,552.29117
3.45976,552.38140
3.46193,552.61308
3.46484,552.65871
3.46858,553.08287
3.47109,553.41577
3.47475,554.37698
3.47799,553.56257
3.48041,553.93744
3.48347,553.75358
3.48611,553.89049
3.48910,554.19740
3.49224,554.04482
3.49445,553.97377
3.49770,554.72487
3.50077,554.54939
3.50323,554.66612
3.50623,554.49241
3.50944,555.04481
3.51203,555.26930
3.51516,555.51769
3.51809,555.33307
3.52042,555.66211
3.52323,555.53824
3.52680,555.96016
3.52896,556.13828
3.53242,556.58155
3.53591,556.49851
3.53872,556.69103
3.54187,556.39130
3.54470,556.53516
3.54717,557.08902
3.55027,556.89340
3.55388,557.52604
3.55686,557.25387
3.55983,557.18210
3.56204,557.76859
3.56549,557.83961
3.56777,557.60620
3.57098,558.25448
3.57432,558.34288
3.57703,558.31555
3.57990,558.35509
3.58299,558.56175
3.58633,558.98351
3.58927,559.25359
3.59181,558.68678
3.59549,559.04255
3.59758,559.02138
3.60111,559.21769
3.60402,559.75527
3.60714,559.75683
3.61022,559.44026
3.61318,559.99557
3.61665,559.87921
3.61911,560.36489
3.62154,559.90272
3.62554,560.51057
3.62781,560.39443
3.63160,561.24533
3.63341,560.00884
3.63703,561.20609
3.64006,561.17893
3.64265,560.56352
3.64535,561.50910
3.64823,561.20569
3.65097,561.45781
3.65494,562.32281
3.65749,562.04174
3.66001,561.96508
3.66339,562.53584
3.66678,562.56543
3.66941,562.46042
3.67293,562.64930
3.67621,563.01885
3.67782,562.62593
3.68140,563.09151
3.68496,563.35566
3.68773,563.11874
3.69078,563.69181
3.69383,563.59120
3.69643,563.71918
3.69857,563.30134
3.70183,563.60881
3.70584,564.42515
3.70805,564.42136
3.71117,563.84200
3.71450,565.09494
3.71757,564.21853
3.72014,564.32795
3.72394,565.94884
3.72678,564.69276
3.72920,564.89944
3.73226,565.27962
3.73553,565.39777
3.73794,565.68750
3.74210,565.78732
3.74463,565.90026
3.74719,565.36037
3.75049,566.16586
3.75303,565.60723
3.75609,566.21865
3.75922,566.48005
3.76242,566.88353
3.76520,566.89366
3.76805,566.66496
3.77160,566.65115
3.77384,566.73555
3.77651,567.35698
3.78052,567.53501
3.78276,567.38425
3.78631,567.82602
3.78948,567.76514
3.79154,567.27255
3.79467,568.16733
3.79833,568.05496
3.80095,567.92031
3.80442,568.32507
3.80758,568.31471
3.80977,568.39908
3.81298,568.21279
3.81592,568.45936
3.81889,568.51440
3.82285,569.72220
3.82512,568.76475
3.82869,569.38682
3.83154,569.48461
3.83507,570.24129
3.83729,569.66355
3.84061,569.78914
3.84354,570.23774
3.84640,570.13202
3.84898,570.02546
3.85293,570.36844
3.85527,570.46264
3.85847,570.38834
3.86157,570.98323
3.86420,570.71095
3.86791,571.66043
3.87103,570.88358
3.87414,571.80259
3.87614,570.89704
3.87865,570.58504
3.88256,571.94662
3.88594,572.27426
3.88799,571.21019
3.89127,572.20877
3.89463,572.08803
3.89735,572.11765
3.90042,572.36912
3.90364,572.68143
3.90678,572.47818
3.90966,572.72877
3.91255,572.75192
3.91596,572.87773
3.91853,572.84363
3.92179,573.00990
3.92445,573.51862
3.92829,573.41273
3.93160,573.59462
3.93421,573.29210
3.93710,573.66822
3.94005,573.95434
3.94344,573.84802
3.94654,574.35468
3.94951,574.76725
3.95227,575.03207
3.95614,574.66612
3.95862,574.67112
3.96094,575.09216
3.96412,574.69045
3.96696,575.15183
3.96992,574.92594
3.97337,575.25831
3.97611,575.66171
3.97883,575.33071
3.98200,575.47006
3.98434,575.69914
3.98866,576.50509
3.99109,575.62924
3.99435,576.20827
3.99745,576.43338
4.00044,576.45135
4.00298,576.42358
4.00720,576.74309
4.00994,576.76826
4.01301,576.94865
4.01562,576.73674
4.01875,577.37315
4.02155,576.88684
4.02486,577.67641
4.02809,577.97198
4.03056,576.94854
4.03321,577.46141
4.03640,577.38715
4.03872,577.55768
4.04301,578.35508
4.04564,578.26237
4.04869,578.44922
4.05197,578.51441
4.05530,578.52829
4.05825,578.73463
4.05975,578.25391
4.06372,578.82763
4.06696,579.16737
4.07000,578.98222
4.07286,579.16301
4.07630,579.65963
4.07950,579.78376
4.08235,579.71659
4.08529,580.01420
4.08919,579.92864
4.09201,580.37224
4.09461,579.90459
4.09819,580.49090
4.10103,580.34711
4.10428,580.85204
4.10650,580.45898
4.11044,581.18429
4.11241,580.46077
4.11630,580.73836
4.11895,580.31882
4.12149,580.68964
4.12424,581.31915
4.12736,581.25422
4.13058,581.51692
4.13413,582.12323
4.13676,581.61182
4.13900,581.64761
4.14181,581.82394
4.14515,582.45690
4.14969,582.73325
4.15136,582.06408
4.15494,582.30341
4.15744,582.69464
4.16139,582.61425
4.16363,582.60254
4.16685,583.00668
4.16969,583.20818
4.17358,583.59949
4.17623,583.22388
4.17922,583.78595
4.18275,583.28585
4.18495,583.64879
4.18861,583.75470
4.19208,584.17848
4.19454,584.20280
4.19803,583.84234
4.20049,584.12449
4.20360,584.54967
4.20679,584.28012
4.21047,585.03893
4.21364,584.54659
4.21595,584.54430
4.21836,584.56335
4.22191,585.13325
4.22398,584.88745
4.22809,585.64707
4.23076,585.40061
4.23360,585.39987
4.23700,585.49299
4.24021,586.01652
4.24349,585.63891
4.24549,585.62637
4.24959,585.97621
4.25245,586.40747
4.25493,586.17918
4.25829,586.58134
4.26115,586.64645
4.26386,586.42600
4.26764,587.06436
4.27087,587.31696
4.27300,585.97646
4.27676,587.57877
4.27980,587.03736
4.28231,587.29623
4.28542,587.67068
4.28972,587.82672
4.29171,587.11125
4.29517,587.94161
4.29860,587.79309
4.30063,587.99479
4.30413,587.83267
4.30716,587.94461
4.31017,588.16560
4.31335,588.63024
4.31639,588.42617
4.31945,588.29080
4.32245,588.81943
4.32537,588.81097
4.32879,588.95789
4.33120,589.18315
4.33485,589.49525
4.33750,588.98258
4.34100,589.18530
4.34339,589.81663
4.34618,589.57328
4.35012,590.18905
4.35265,589.99788
4.35505,589.72915
4.35964,591.19091
4.36086,589.34818
4.36498,590.26181
4.36799,590.39069
4.36961,590.14834
4.37292,590.64427
4.37633,590.77822
4.37928,590.85338
4.38235,591.50569
4.38499,590.71698
4.38865,591.67595
4.39140,591.10864
4.39369,590.95266
4.39715,591.48795
4.40032,591.75574
4.40332,591.66074
4.40673,591.90282
4.41106,592.39241
4.41283,591.51575
4.41586,592.07569
4.41869,592.26958
4.42188,592.68871
4.42455,592.19408
4.42772,592.22082
4.43091,592.76668
4.43447,593.06361
4.43756,592.76755
4.44076,592.90061
4.44356,593.43149
4.44603,592.49139
4.44936,593.29903
4.45244,593.57445
4.45595,593.25771
4.45940,593.17981
4.46201,593.85205
4.46505,594.08431
4.46761,593.76142
4.47094,594.18160
4.47398,594.38816
4.47703,594.61800
4.48028,594.47789
4.48311,594.59389
4.48640,594.54519
4.48977,594.54556
4.49242,594.74105
4.49561,595.03468
4.49892,595.17775
4.50170,594.85685
4.50489,595.54874
4.50835,595.56444
4.51087,595.22047
4.51409,595.25691
4.51664,595.49947
4.52039,595.87438
4.52323,595.45393
4.52640,596.07640
4.52902,596.00129
4.53231,595.69936
4.53511,596.32143
4.53902,596.82044
4.54208,596.50104
4.54502,596.33511
4.54754,596.82915
4.55024,596.83549
4.55357,597.13328
4.55661,597.03389
4.55969,596.92087
4.56191,597.22717
4.56557,597.11682
4.56842,597.42755
4.57131,597.35897
4.57492,598.13719
4.57775,598.29905
4.58104,598.53444
4.58467,597.86664
4.58791,598.41825
4.59021,597.73187
4.59322,598.22389
4.59643,598.38717
4.60002,599.00465
4.60297,598.86252
4.60599,598.58008
4.60881,599.09722
4.61151,598.69844
4.61432,598.73529
4.61802,599.17296
4.62130,599.62143
4.62302,598.58559
4.62693,599.16741
4.62930,599.51234
4.63297,599.86648
4.63522,599.65801
4.63884,600.23758
4.64177,599.90761
4.64497,600.08697
4.64851,600.08286
4.65138,600.68225
4.65438,600.45652
4.65672,600.46538
4.65993,600.45550
4.66337,600.75164
4.66594,600.75563
4.66965,600.71130
4.67291,601.54962
4.67625,600.86648
4.67881,601.58198
4.68278,601.83063
4.68551,601.93244
4.68849,601.23892
4.69128,601.40967
4.69425,601.70983
4.69779,602.11815
4.70082,601.77274
4.70383,602.12139
4.70689,601.72294
4.71015,602.31296
4.71349,602.90248
4.71630,602.36616
4.71902,602.33596
4.72187,602.37313
4.72540,602.81602
4.72758,602.52931
4.73093,602.69080
4.73399,602.66450
4.73752,603.65901
4.74034,603.26295
4.74404,603.34894
4.74622,603.20915
4.75014,603.76527
4.75230,603.20043
4.75529,603.65800
4.75874,603.98807
4.76251,604.64360
4.76523,603.72093
4.76813,604.01889
4.77175,604.27998
4.77490,604.39242
4.77738,604.69573
4.77999,604.24530
4.78395,604.77743
4.78696,605.02180
4.78937,604.85206
4.79297,604.83400
4.79597,604.81376
4.79909,604.76576
4.80163,604.94949
4.80501,605.33619
4.80844,605.35337
4.81169,605.46899
4.81473,605.73664
4.81748,606.00663
4.82059,605.26238
4.82392,605.99873
4.82707,606.03747
4.83033,606.09633
4.83336,606.11458
4.83629,606.18826
4.83939,606.51399
4.84237,606.27402
4.84599,607.08024
4.84887,606.46857
4.85192,607.13879
4.85499,606.74097
4.85857,607.11024
4.86109,607.04161
4.86466,607.07215
4.86736,607.24422
4.86986,606.78741
4.87356,607.49086
4.87679,607.36835
4.87999,608.01773
4.88200,607.63826
4.88505,607.65702
4.88788,607.47191
4.89127,607.81031
4.89475,607.99165
4.89778,608.34358
4.90044,607.82277
4.90383,608.84013
4.90708,608.60514
4.91028,608.61103
4.91270,608.09967
4.91591,608.82913
4.91879,609.03113
4.92252,608.76751
4.92561,608.91430
4.92876,609.64540
4.93126,609.02705
4.93521,610.46457
4.93794,609.65473
4.94136,609.68498
4.94365,609.36480
4.94700,609.63026
4.95043,609.76876
4.95402,610.45025
4.95642,609.92928
4.95923,610.04483
4.96198,610.14130
4.96579,610.73658
4.96906,610.46596
4.97211,610.44487
4.97481,610.56083
4.97839,611.06467
4.98098,611.01831
4.98443,610.54980
4.98705,610.73773
4.99056,611.29052
4.99400,611.14310
4.99684,611.10470
4.99927,611.11178
5.00331,611.27772
5.00532,611.02416
5.00875,611.52865
5.01200,611.93182
5.01525,612.17832
5.01830,612.45203
5.02101,611.78090
5.02453,612.22971
5.02745,612.47666
5.03053,611.73435
5.03331,612.42927
5.03687,612.94999
5.03935,612.56633
5.04269,612.40319
5.04509,612.92550
5.04844,612.51644
5.05157,613.21494
5.05375,612.20106
5.05795,613.25362
5.06142,613.53887
5.06374,613.62048
5.06665,613.13255
5.06989,613.37960
5.07325,613.91992
5.07606,613.73508
5.07923,613.89738
5.08274,614.25750
5.08574,613.87781
5.08905,613.86638
5.09220,613.84999
5.09549,614.86710
5.09838,614.26648
5.10111,614.49852
5.10475,614.59943
5.10690,614.25478
5.11037,614.45751
5.11389,614.92692
5.11730,615.11056
5.11938,614.88960
5.12245,615.49486
5.12609,614.95465
5.12903,615.32737
5.13182,615.26663
5.13521,615.35016
5.13793,615.58556
5.14115,615.81814
5.14411,615.68236
5.14758,615.79289
5.15006,615.84218
5.15443,616.61710
5.15752,615.87877
5.16084,615.95576
5.16393,616.23142
5.16703,616.55346
5.16994,615.89874
5.17259,616.14117
5.17631,616.36139
5.17904,616.60567
5.18297,617.41182
5.18471,617.39252
5.18851,616.33790
5.19188,616.84504
5.19465,617.11733
5.19777,617.13570
5.20056,616.33211
5.20381,617.60951
5.20718,617.58737
5.21025,617.78238
5.21296,617.65466
5.21642,617.68423
5.21915,617.98296
5.22180,617.38336
5.22503,617.66443
5.22816,617.84879
5.23108,618.77069
5.23425,618.64926
5.23733,618.30184
5.24118,619.24259
5.24375,618.78199
5.24676,618.95368
5.25047,618.50746
5.25326,618.75148
5.25629,618.96490
5.25921,618.63324
5.26267,618.86905
5.26533,619.46458
5.26842,619.07602
5.27189,619.50706
5.27478,619.32075
5.27758,619.05523
5.28117,619.98162
5.28362,619.20042
5.28700,619.70070
5.28969,619.89668
5.29361,620.23690
5.29603,619.59764
5.29928,620.08862
5.30248,620.36705
5.30542,619.86684
5.30836,620.17311
5.31162,620.06341
5.31491,621.15181
5.31805,620.86594
5.32059,620.89052
5.32360,620.48403
5.32738,621.09007
5.33077,621.41776
5.33364,621.01831
5.33615,620.97028
5.33915,621.51240
5.34237,621.36127
5.34547,621.48370
5.34911,622.38386
5.35231,621.36712
5.35578,622.18923
5.35841,621.90173
5.36177,621.32488
5.36508,622.48554
5.36824,622.15378
5.37097,621.79273
5.37444,622.19278
5.37718,622.23267
5.37970,622.39311
5.38341,622.48399
5.38706,622.96147
5.38939,622.28616
5.39340,623.06241
5.39615,622.69507
5.39933,623.30698
5.40248,622.84911
5.40561,622.96468
5.40853,623.20652
5.41172,622.94451
5.41500,623.92996
5.41840,623.43282
5.42199,623.58966
5.42400,623.36612
5.42807,624.03022
5.42978,623.52411
5.43380,624.25834
5.43669,623.77247
5.43977,624.42921
5.44247,623.80260
5.44656,624.54582
5.44956,624.73413
5.45221,624.38713
5.45526,624.23036
5.45938,624.74978
5.46244,625.13616
5.46534,624.81778
5.46784,623.83677
5.47056,624.61006
5.47452,625.66680
5.47756,625.01055
5.47974,624.48045
5.48365,625.28713
5.48658,625.42869
5.48926,625.08443
5.49255,625.29950
5.49525,625.72818
5.49846,625.98297
5.50190,625.33237
5.50490,625.34968
5.50820,626.08738
5.51168,626.25824
5.51521,626.18257
5.51825,626.40488
5.52131,626.24106
5.52397,626.75164
5.52788,626.73494
5.52996,625.68381
5.53382,626.62230
5.53661,626.46533
5.53928,626.11051
5.54322,626.79992
5.54556,626.71129
5.54844,626.73146
5.55167,627.04224
5.55558,626.73266
5.55762,626.98237
5.56093,627.15140
5.56410,627.18098
5.56696,627.23747
5.57005,627.68848
5.57333,627.30555
5.57653,627.95524
5.57963,627.52938
5.58268,627.48197
5.58593,628.03868
5.58888,628.10405
5.59244,628.14387
5.59566,628.27557
5.59803,627.72506
5.60130,628.55716
5.60448,628.29112
5.60788,628.22400
5.61093,628.50821
5.61391,628.34463
5.61694,628.14797
5.62038,629.08845
5.62336,628.62980
5.62593,628.72302
5.62884,628.76584
5.63219,629.22282
5.63553,629.89538
5.63890,629.08120
5.64189,629.02252
5.64493,629.30330
5.64799,629.76510
5.65138,629.33325
5.65436,629.26649
5.65792,629.85356
5.66079,630.14585
5.66320,629.73563
5.66747,630.23136
5.67022,630.04921
5.67337,629.71164
5.67622,630.48657
5.67952,630.13555
5.68320,630.74005
5.68555,630.08070
5.69021,631.87043
5.69255,630.49858
5.69682,631.13179
5.69919,630.85160
5.70201,630.36673
5.70523,631.14716
5.70827,630.64509
5.71097,630.67663
5.71421,630.69018
5.71735,631.40370
5.72077,631.35836
5.72316,631.74384
5.72709,631.51605
5.72979,631.47055
5.73315,631.46945
5.73583,631.77194
5.73980,632.25489
5.74235,632.02755
5.74581,632.03877
5.74798,631.48487
5.75114,631.46048
5.75496,632.19590
5.75822,632.35116
5.76107,632.17206
5.76378,632.32149
5.76758,632.40074
5.77042,632.35005
5.77375,633.01975
5.77619,632.24644
5.78044,633.49973
5.78248,632.21649
5.78623,633.46188
5.78873,632.81009
5.79215,633.06425
5.79583,633.06990
5.79915,633.64296
5.80177,633.39339
5.80484,633.12035
5.80841,634.03954
5.81059,633.27966
5.81395,632.96667
5.81720,633.75093
5.82077,634.11929
5.82349,634.02712
5.82680,634.02313
5.83024,634.32669
5.83339,634.19645
5.83610,634.24139
5.83932,633.94154
5.84252,634.20310
5.84576,634.35031
5.84891,634.28615
5.85173,634.65985
5.85569,634.81809
5.85874,634.80627
5.86219,635.06948
5.86460,634.92840
5.86812,634.82586
5.87116,635.12141
5.87474,635.39906
5.87736,635.20812
5.88073,635.43340
5.88412,635.17109
5.88713,635.44349
5.88978,635.05601
5.89311,635.41335
5.89646,635.55490
5.89979,636.14747
5.90212,634.85966
5.90596,636.12445
5.90862,635.46589
5.91229,636.31131
5.91539,636.19507
5.91866,636.62058
5.92230,635.94827
5.92485,636.25686
5.92740,636.35350
5.93151,636.53954
5.93461,636.39921
5.93810,636.40985
5.94123,636.75361
5.94404,636.75408
5.94792,637.52967
5.95116,636.74116
5.95344,636.95675
5.95685,637.11251
5.96004,637.18098
5.96360,637.22675
5.96537,636.69875
5.96911,637.07086
5.97266,637.34296
5.97560,637.59888
5.97836,637.51880
5.98132,637.83613
5.98489,637.63827
5.98799,637.65065
5.99129,638.13547
5.99400,637.93884
5.99768,638.02055
6.00033,638.27740
6.00374,638.37200
6.00695,638.58506
6.01017,638.06108
6.01333,638.48143
6.01707,638.33346
6.01945,638.40505
6.02270,638.12779
6.02537,638.34321
6.02905,638.88360
6.03184,638.63960
6.03546,639.15944
6.03828,638.33720
6.04128,638.90026
6.04514,639.09564
6.04760,638.95079
6.05070,639.17879
6.05440,639.41379
6.05738,639.37716
6.06088,639.90518
6.06349,639.55588
6.06696,639.91936
6.06984,639.53788
6.07270,639.76393
6.07589,640.00194
6.07943,640.40019
6.08275,640.09631
6.08556,640.49461
6.08872,639.67871
6.09200,640.16519
6.09499,640.46950
6.09810,640.17518
6.10157,640.50293
6.10490,640.73956
6.10774,640.38575
6.11163,641.02917
6.11456,640.51584
6.11721,640.79543
6.12088,641.31734
6.12417,640.48444
6.12737,641.34055
6.13035,640.66651
6.13302,640.89939
6.13532,640.76813
6.13897,641.20185
6.14246,641.61308
6.14564,641.22886
6.14861,641.36890
6.15149,641.44390
6.15444,640.98455
6.15845,641.86450
6.16110,641.65916
6.16474,641.63195
6.16670,642.04094
6.17027,641.79690
6.17316,642.31321
6.17687,642.12879
6.18000,642.72500
6.18316,642.02395
6.18588,642.84057
6.18939,642.74414
6.19238,642.64201
6.19597,642.73803
6.19896,642.51131
6.20213,642.55736
6.20535,642.82635
6.20856,642.74949
6.21140,643.03957
6.21554,643.49931
6.21856,643.03850
6.22109,643.18172
6.22412,642.64512
6.22716,643.29065
6.23039,643.62064
6.23423,643.69391
6.23740,643.80824
6.24076,643.08999
6.24323,643.41078
6.24635,643.72436
6.24896,643.80441
6.25240,644.14589
6.25574,644.22127
6.25870,643.83762
6.26153,643.57595
6.26486,644.28528
6.26851,644.22900
6.27146,644.27915
6.27478,644.59069
6.27748,644.23897
6.28151,644.58531
6.28319,644.32090
6.28689,644.68153
6.28974,645.09972
6.29354,645.21313
6.29640,644.75274
6.30078,645.49598
6.30284,644.71486
6.30535,644.63006
6.30902,645.23051
6.31153,645.02737
6.31531,645.35001
6.31838,645.04585
6.32133,645.39778
6.32464,645.11274
6.32774,646.22671
6.33197,645.92145
6.33402,645.41157
6.33761,645.93254
6.34082,646.25082
6.34338,645.21144
6.34680,646.14720
6.35029,645.65386
6.35291,646.23585
6.35663,646.50689
6.35969,646.20808
6.36251,646.16494
6.36615,646.40951
6.36925,646.61859
6.37235,646.73483
6.37529,646.92162
6.37896,646.91258
6.38257,646.86839
6.38448,646.21927
6.38810,646.36696
6.39199,647.18140
6.39494,646.99166
6.39734,646.72054
6.40055,646.88999
6.40390,647.21254
6.40657,647.40147
6.41045,646.95444
6.41366,647.74628
6.41643,647.59074
6.41978,647.55744
6.42253,647.69791
6.42627,647.68954
6.42909,647.77497
6.43274,648.03624
6.43576,647.88531
6.43854,648.22733
6.44187,648.25719
6.44470,647.73819
6.44777,648.21461
6.45128,648.11326
6.45473,648.55077
6.45825,648.67213
6.46132,648.48242
6.46447,647.80352
6.46787,649.05673
6.47112,648.51498
6.47441,648.86240
6.47718,648.22418
6.48037,648.52510
6.48386,649.18389
6.48755,648.91483
6.49032,648.59155
6.49351,648.54675
6.49600,649.14399
6.49945,649.26501
6.50282,649.14253
6.50598,649.33730
6.50919,649.39181
6.51111,648.93190
6.51527,649.92922
6.51785,649.36767
6.52107,649.46477
6.52483,649.78020
6.52826,650.21264
6.53080,649.75152
6.53477,649.95095
6.53755,649.57930
6.54053,649.78146
6.54335,650.10415
6.54738,650.37959
6.54994,649.72317
6.55409,650.71294
6.55688,650.78707
6.56042,650.27962
6.56313,650.50916
6.56644,650.53358
6.56926,650.51611
6.57251,650.27745
6.57527,650.50818
6.57867,650.38814
6.58243,651.28449
6.58476,650.60699
6.58816,650.83080
6.59173,651.32317
6.59485,651.15491
6.59842,651.15125
6.60090,651.20236
6.60376,650.54316
6.60738,651.66246
6.61030,651.56710
6.61392,651.44198
6.61665,651.49629
6.62053,651.47144
6.62315,652.01782
6.62668,651.90976
6.62932,651.75909
6.63296,651.77101
6.63669,652.28234
6.63958,652.00439
6.64292,652.02179
6.64625,652.18810
6.64881,652.56788
6.65303,651.95999
6.65559,651.81081
6.65850,652.05935
6.66123,652.19086
6.66457,652.29040
6.66844,652.89354
6.67127,652.56034
6.67435,652.82413
6.67715,652.43711
6.68048,652.54198
6.68346,652.82237
6.68727,653.46157
6.69056,653.46430
6.69317,652.65416
6.69655,653.01475
6.69944,653.79481
6.70286,653.01501
6.70607,653.71601
6.71037,654.18218
6.71263,653.63744
6.71583,653.70018
6.71902,653.61671
6.72317,653.69885
6.72545,653.91442
6.72963,654.20433
6.73201,653.74438
6.73492,653.37475
6.73891,654.55590
6.74214,654.00960
6.74457,653.76462
6.74821,654.14230
6.75168,654.01015
6.75466,653.69387
6.75802,654.22902
6.76067,653.98890
6.76342,653.64398
6.76720,654.49202
6.77044,654.20277
6.77313,654.70645
6.77625,655.02187
6.77958,654.63113
6.78301,655.23993
6.78565,654.82890
6.78944,655.09855
6.79232,654.84601
6.79571,655.38412
6.79885,654.77282
6.80213,655.56190
6.80523,655.08046
6.80822,655.37728
6.81093,654.82958
6.81480,655.63730
6.81794,655.42895
6.82177,656.46504
6.82351,654.83765
6.82781,655.79682
6.83055,655.66987
6.83342,655.32958
6.83702,656.16311
6.84104,656.25740
6.84352,656.35320
6.84705,656.19739
6.84954,655.90704
6.85299,655.83185
6.85641,656.58163
6.86000,656.48805
6.86276,656.29982
6.86583,656.43305
6.86933,656.52182
6.87244,656.75195
6.87548,656.75497
6.87883,656.46426
6.88196,656.94971
6.88496,656.61393
6.88796,657.01151
6.89192,657.43993
6.89530,657.00126
6.89842,657.37271
6.90176,657.07748
6.90397,656.99611
6.90774,657.46899
6.91100,658.01549
6.91479,657.76146
6.91702,656.41335
6.92087,657.44730
6.92418,657.67556
6.92701,657.08057
6.93042,657.46981
6.93303,657.67235
6.93623,657.88198
6.93932,657.77811
6.94323,657.81169
6.94598,657.72030
6.94997,658.59930
6.95273,658.08292
6.95553,658.11115
6.95862,657.92957
6.96163,658.21869
6.96465,658.29109
6.96920,659.03923
6.97202,658.75362
6.97507,658.81315
6.97811,658.37713
6.98112,658.48489
6.98481,658.71653
6.98767,658.52548
6.99050,658.88144
6.99391,659.21375
6.99750,659.67899
6.99991,658.52901
7.00357,659.41745
7.00662,658.48697
7.01022,658.99745
7.01273,658.96063
7.01608,659.17523
7.01897,659.42869
7.02291,659.72231
7.02589,659.85615
7.02868,659.70513
7.03162,659.09451
7.03534,659.72360
7.03832,659.65509
7.04104,659.46534
7.04527,660.34858
7.04762,659.92412
7.05174,660.19931
7.05442,660.25603
7.05793,659.74520
7.06109,660.38192
7.06447,660.46259
7.06856,660.88251
7.07155,660.16928
7.07443,660.36753
7.07833,660.86820
7.08117,660.48401
7.08396,660.56854
7.08730,660.82589
7.09016,660.13270
7.09397,660.71695
7.09741,660.66511
7.10016,660.51283
7.10350,660.98906
7.10688,661.18642
7.10920,661.06791
7.11284,660.95633
7.11574,661.16309
7.11904,661.55342
7.12228,660.84091
7.12498,660.92831
7.12894,661.49772
7.13159,661.52186
7.13510,661.26653
7.13841,661.57818
7.14221,661.57716
7.14449,661.61904
7.14803,662.16444
7.15092,661.48028
7.15427,661.42045
7.15747,662.04711
7.16093,661.80838
7.16418,662.18491
7.16702,662.28374
7.17086,662.25051
7.17376,661.87793
7.17744,662.46156
7.18019,662.03290
7.18376,662.28217
7.18716,662.61179
7.19066,662.37574
7.19409,663.25018
7.19681,662.66217
7.19920,662.57837
7.20383,662.84426
7.20646,662.82380
7.20902,661.80207
7.21296,663.10938
7.21578,663.05446
7.21917,663.11602
7.22207,662.60772
7.22496,663.26128
7.22908,663.37598
7.23169,663.36599
7.23534,663.29720
7.23884,663.49542
7.24223,663.46122
7.24513,663.51973
7.24815,663.71114
7.25139,663.66925
7.25436,663.63034
7.25804,663.74302
7.26077,663.53282
7.26355,663.92560
7.26800,664.12765
7.27053,663.94192
7.27410,664.11106
7.27650,664.01056
7.28026,664.31035
7.28323,664.34956
7.28629,664.18694
7.28993,663.98963
7.29288,664.51545
7.29650,664.62894
7.30005,664.65306
7.30265,664.32675
7.30580,664.91021
7.30857,664.80793
7.31226,664.38080
7.31524,664.37339
7.31912,665.14059
7.32189,664.60691
7.32509,664.86346
7.32802,664.54376
7.33161,664.94550
7.33479,664.99845
7.33810,665.42153
7.34165,665.35356
7.34469,665.25007
7.34870,665.64995
7.35099,665.17962
7.35452,665.85570
7.35771,665.43028
7.36207,666.40268
7.36459,665.05596
7.36767,665.66789
7.37146,666.03362
7.37370,665.36618
7.37724,665.82396
7.38040,665.64743
7.38371,665.99152
7.38639,665.52654
7.38989,665.85933
7.39393,666.46277
7.39626,665.75055
7.39960,666.17447
7.40310,666.87140
7.40656,666.21099
7.40893,666.21407
7.41333,666.76020
7.41572,666.61710
7.41922,666.40965
7.42240,666.60618
7.42610,666.51843
7.42909,666.31188
7.43129,666.24245
7.43521,666.71207
7.43875,666.95658
7.44224,667.32683
7.44586,667.21921
7.44780,666.18757
7.45183,667.85033
7.45560,667.28536
7.45790,666.83236
7.46197,667.64293
7.46438,667.24466
7.46818,667.35263
7.47190,667.66813
7.47422,666.90511
7.47769,667.67479
7.48108,667.90807
7.48453,667.36090
7.48776,667.35624
7.49113,668.23835
7.49372,667.63139
7.49741,668.04850
7.50039,667.80294
7.50442,668.31065
7.50730,667.27461
7.51028,668.17922
7.51368,668.36228
7.51704,668.13474
7.52006,668.16802
7.52413,668.01850
7.52635,668.30768
7.52983,668.64335
7.53304,668.50790
7.53637,668.77262
7.54030,668.58151
7.54302,668.91489
7.54677,668.59649
7.54867,667.96882
7.55258,668.53898
7.55617,669.10167
7.55894,668.37810
7.56202,668.92093
7.56595,669.06264
7.56837,668.99913
7.57242,669.43502
7.57514,668.74653
7.57826,669.23549
7.58198,670.06006
7.58507,669.94517
7.58867,669.08866
7.59216,669.70604
7.59459,669.15803
7.59845,669.55163
7.60140,669.63905
7.60534,669.53755
7.60792,669.73697
7.61125,669.78037
7.61411,669.72468
7.61786,670.44305
7.62032,669.51756
7.62341,669.83063
7.62741,670.42186
7.63018,669.66386
7.63392,670.01870
7.63663,669.77526
7.64013,670.06595
7.64346,670.25059
7.64758,670.86764
7.65008,670.54237
7.65335,670.24498
7.65618,670.22397
7.66029,670.88660
7.66241,670.37142
7.66641,670.99800
7.66898,670.66886
7.67289,670.94704
7.67611,670.65941
7.67861,670.40818
7.68239,671.06746
7.68627,671.50633
7.68894,671.31762
7.69236,671.03646
7.69641,671.62733
7.69925,671.45833
7.70245,671.17422
7.70542,671.39850
7.70917,671.28200
7.71278,672.04804
7.71607,671.44142
7.71983,671.73472
7.72179,671.79189
7.72667,671.63130
7.72879,671.60754
7.73182,671.62746
7.73454,670.80355
7.73805,671.68705
7.74152,672.41238
7.74497,671.80431
7.74789,671.80478
7.75083,671.29853
7.75517,672.48186
7.75823,672.19704
7.76081,672.18728
7.76439,672.30174
7.76830,672.75061
7.77054,672.08151
7.77468,672.54853
7.77785,672.07756
7.78115,672.42152
7.78399,672.09444
7.78746,672.70855
7.79089,672.77976
7.79432,672.77680
7.79673,672.50377
7.80005,672.49703
7.80424,673.06397
7.80719,673.08976
7.81027,672.50401
7.81402,673.49330
7.81661,672.62799
7.81991,672.57660
7.82295,673.40901
7.82680,672.91002
7.82985,673.22500
7.83255,672.90256
7.83620,673.05909
7.83926,673.32680
7.84222,673.49998
7.84566,673.96402
7.84927,673.39157
7.85217,673.66091
7.85521,673.58597
7.85938,674.06770
7.86202,674.00756
7.86506,673.77050
7.86825,673.39339
7.87196,673.89605
7.87531,674.30409
7.87945,674.59454
7.88106,673.72805
7.88491,674.19523
7.88840,674.26805
7.89163,674.25850
7.89414,673.86568
7.89771,674.58401
7.90124,674.12838
7.90512,675.05431
7.90752,674.28123
7.91054,674.37372
7.91387,674.46777
7.91676,673.95252
7.92079,674.64607
7.92307,674.43734
7.92708,674.84319
7.92992,674.56669
7.93303,674.91878
7.93691,674.89308
7.93991,674.90408
7.94328,674.70214
7.94525,674.82012
7.94926,675.25241
7.95300,675.17022
7.95499,674.73869
7.95894,674.72299
7.96247,675.53176
7.96566,675.94109
7.96865,675.22882
7.97255,675.32287
7.97509,675.49691
7.97866,675.82568
7.98213,675.45896
7.98567,675.99911
7.98937,675.98951
7.99270,675.25624
7.99566,676.22827
7.99862,675.47467
8.00257,676.30516
8.00578,676.36515
8.00906,676.03406
8.01188,675.73927
8.01565,676.30567
8.01824,675.55117
8.02129,676.32549
8.02468,675.99030
8.02786,676.11854
8.03085,676.38981
8.03472,677.02599
8.03753,676.13253
8.04071,676.70718
8.04467,677.25069
8.04828,676.95629
8.05140,676.45651
8.05368,676.14567
8.05714,677.04845
8.06105,676.97168
8.06391,676.55473
8.06784,676.99063
8.07128,676.89895
8.07389,677.05976
8.07727,677.43944
8.08120,677.68734
8.08359,676.60191
8.08703,677.13664
8.08982,676.79926
8.09309,676.79835
8.09658,677.52922
8.10055,677.72050
8.10306,676.88267
8.10606,677.55944
8.10994,678.02724
8.11242,677.79267
8.11619,677.65681
8.11886,677.78139
8.12260,677.80439
8.12642,678.06392
8.12894,677.83043
8.13214,677.91294
8.13623,678.03387
8.13942,678.10622
8.14293,678.17119
8.14594,678.29309
8.14908,678.21006
8.15241,677.96290
8.15578,678.48862
8.15910,677.98115
8.16245,678.33248
8.16577,678.38094
8.16899,678.72607
8.17272,678.78696
8.17624,678.60165
8.17880,678.13216
8.18211,678.27587
8.18467,678.36161
8.18822,678.39084
8.19113,678.45452
8.19504,679.14683
8.19818,678.60662
8.20103,678.98469
8.20432,678.97321
8.20857,679.45488
8.21140,678.72414
8.21381,679.06770
8.21729,679.27894
8.22099,679.45552
8.22434,679.53634
8.22779,679.35077
8.23028,679.01075
8.23430,679.26762
8.23762,679.25933
8.24082,679.67993
8.24382,679.07601
8.24730,679.59078
8.25070,679.78529
8.25367,679.25347
8.25666,679.71793
8.26037,680.06072
8.26356,679.55161
8.26767,680.69833
8.27066,679.92293
8.27339,679.61085
8.27707,680.17426
8.28040,680.15416
8.28291,679.48740
8.28615,680.17203
8.28966,680.61832
8.29308,680.08558
8.29626,680.28166
8.29893,680.02314
8.30290,680.22248
8.30631,680.80505
8.30987,680.48702
8.31367,680.85976
8.31586,679.58740
8.31885,680.38507
8.32284,681.01784
8.32507,680.41964
8.33004,681.16448
8.33228,680.40545
8.33505,680.38427
8.33890,680.88858
8.34224,680.50711
8.34622,681.30280
8.34928,681.14014
8.35333,681.96326
8.35570,680.82873
8.35949,681.30865
8.36232,681.34169
8.36555,681.00089
8.36896,681.22648
8.37168,681.12917
8.37498,681.30509
8.37794,681.35407
8.38209,681.51984
8.38618,681.91923
8.38780,681.18214
8.39232,681.92224
8.39565,681.73486
8.39904,681.44933
8.40233,681.62873
8.40576,681.92468
8.40814,681.52316
8.41202,682.01192
8.41525,681.76415
8.41762,681.96238
8.42162,682.27182
8.42451,681.90248
8.42836,682.39231
8.43141,681.91886
8.43492,682.48591
8.43810,681.97570
8.44184,682.83078
8.44561,682.74262
8.44839,682.15208
8.45124,682.24564
8.45517,682.87505
8.45800,682.54162
8.46172,682.42275
8.46487,683.16299
8.46807,682.49127
8.47190,683.08253
8.47434,682.60121
8.47739,682.72518
8.48117,682.76255
8.48439,682.99914
8.48759,683.37027
8.49126,683.22664
8.49432,683.33950
8.49756,682.95529
8.50102,683.15595
8.50461,683.59033
8.50848,683.35067
8.51130,683.00293
8.51410,683.57689
8.51729,683.30296
8.52104,683.13079
8.52347,682.98723
8.52765,683.54513
8.53083,683.92298
8.53393,683.93182
8.53741,683.39719
8.54091,684.05226
8.54359,683.61120
8.54703,684.36668
8.55020,683.93590
8.55362,684.10948
8.55723,684.08697
8.56052,683.86034
8.56406,684.13839
8.56702,684.00781
8.57022,684.15700
8.57354,684.08651
8.57651,684.00441
8.58041,684.40190
8.58357,684.64770
8.58662,684.35115
8.59005,684.13975
8.59329,684.55720
8.59628,684.16184
8.59985,684.31473
8.60347,684.82442
8.60607,684.26719
8.61049,685.03683
8.61274,684.78271
8.61642,684.79505
8.61982,684.51943
8.62327,684.53483
8.62621,685.07002
8.62998,685.33998
8.63348,685.48281
8.63697,684.99930
8.63987,684.52164
8.64356,685.61805
8.64633,684.99694
8.64921,684.37252
8.65333,685.33714
8.65575,684.83242
8.65924,685.29807
8.66321,685.30004
8.66657,685.79601
8.66959,685.12860
8.67333,685.99691
8.67637,685.32571
8.67999,685.46406
8.68358,685.75499
8.68606,685.53916
8.68985,685.55853
8.69260,685.73135
8.69601,685.70870
8.69931,686.18860
8.70314,686.16117
8.70617,686.05169
8.70970,686.18435
8.71288,686.20854
8.71627,686.25904
8.71999,686.77108
8.72307,686.44930
8.72603,685.73081
8.72962,686.12222
8.73296,686.28133
8.73658,686.85657
8.73932,686.62843
8.74283,686.49744
8.74555,686.07671
8.74934,686.41337
8.75246,686.77622
8.75566,686.76177
8.75866,686.14904
8.76220,686.75264
8.76540,686.58718
8.76817,686.66118
8.77177,686.87974
8.77533,687.31413
8.77800,686.32993
8.78180,686.86374
8.78522,687.42697
8.78821,686.94659
8.79187,687.30224
8.79479,687.35740
8.79821,687.29693
8.80117,687.12543
8.80421,686.63180
8.80768,687.85652
8.81114,687.15489
8.81529,687.94891
8.81804,687.35565
8.82139,687.59452
8.82449,687.28055
8.82830,687.64876
8.83138,687.65555
8.83463,687.82099
8.83809,687.87473
8.84043,687.35057
8.84400,687.36798
8.84812,687.89961
8.85161,688.04329
8.85446,687.88093
8.85750,688.00481
8.86059,687.93722
8.86453,688.51147
8.86831,688.53934
8.87079,687.79511
8.87461,688.38437
8.87808,688.05893
8.88086,688.24129
8.88446,688.31530
8.88781,688.44607
8.89072,687.94963
8.89427,688.34134
8.89745,688.41367
8.90140,688.87207
8.90427,688.47482
8.90756,689.09959
8.91127,688.63062
8.91372,688.53992
8.91761,688.81936
8.92063,688.92001
8.92373,688.92417
8.92802,689.07262
8.93143,689.19428
8.93410,688.67741
8.93764,689.23258
8.94096,688.80065
8.94386,688.82995
8.94718,688.80885
8.95026,689.07069
8.95436,689.50196
8.95699,689.28029
8.96093,689.73536
8.96348,689.11884
8.96756,689.78739
8.97077,689.51919
8.97471,689.62756
8.97786,689.88717
8.98067,689.23875
8.98505,689.77396
8.98842,690.31074
8.99278,690.33388
8.99451,689.33395
8.99798,689.89043
9.00078,689.10257
9.00430,689.67146
9.00687,689.89861
9.01154,690.21888
9.01483,689.77750
9.01801,690.29169
9.02162,689.91543
9.02419,689.58961
9.02769,690.21842
9.03077,689.90565
9.03405,690.19008
9.03734,690.53400
9.04112,690.36988
9.04431,690.80907
9.04731,690.00735
9.05060,690.63904
9.05411,690.47784
9.05734,690.68955
9.06073,690.65660
9.06381,690.45395
9.06793,691.24979
9.07113,690.82911
9.07521,691.35027
9.07755,690.88515
9.08151,690.97765
9.08414,690.67115
9.08763,691.34754
9.09056,690.59147
9.09453,691.13325
9.09742,691.11989
9.10066,690.90309
9.10450,691.31776
9.10762,691.27781
9.11088,690.52020
9.11366,690.87944
9.11781,691.47026
9.12099,691.55447
9.12405,691.61280
9.12664,690.50456
9.13030,691.29910
9.13331,691.44317
9.13684,691.36796
9.14059,691.96525
9.14428,692.01524
9.14725,692.16092
9.15097,691.99612
9.15408,692.00565
9.15667,691.46791
9.16034,691.52719
9.16411,692.07328
9.16795,692.12885
9.17105,692.24370
9.17430,692.27386
9.17741,691.89690
9.18157,692.67161
9.18387,692.03812
9.18706,691.62969
9.19111,692.21789
9.19441,692.28344
9.19793,692.13166
9.20107,692.53764
9.20450,692.29870
9.20861,692.79873
9.21088,691.98714
9.21426,692.18279
9.21751,692.59125
9.22068,692.76529
9.22398,692.74328
9.22775,692.97684
9.23150,692.48012
9.23396,692.53233
9.23819,693.18050
9.24143,693.03882
9.24394,692.72453
9.24783,692.94158
9.25124,692.95503
9.25493,693.37407
9.25905,693.39511
9.26159,693.16395
9.26555,693.57334
9.26814,693.18427
9.27220,693.62138
9.27551,693.14060
9.27837,693.08540
9.28172,693.26791
9.28534,693.23729
9.28856,692.82437
9.29191,693.26583
9.29507,692.94421
9.29800,693.68556
9.30197,693.62317
9.30539,693.95531
9.30872,693.66720
9.31220,694.01157
9.31551,693.72575
9.31868,693.95910
9.32198,694.08034
9.32594,693.80550
9.32899,693.93909
9.33294,694.10604
9.33543,694.22693
9.33882,694.00054
9.34239,694.02624
9.34591,694.39414
9.34913,694.08117
9.35276,694.09131
9.35640,694.57357
9.35900,694.17876
9.36306,694.68038
9.36658,694.33566
9.36976,694.34916
9.37227,694.26777
9.37601,694.26936
9.37964,695.00264
9.38302,694.31021
9.38645,694.49334
9.38955,694.69707
9.39307,694.72151
9.39702,695.23180
9.39950,694.52137
9.40301,694.72760
9.40640,694.91988
9.40945,694.74389
9.41317,694.89371
9.41630,695.30525
9.41970,695.04809
9.42275,694.78064
9.42668,695.50101
9.42987,695.52324
9.43339,695.22356
9.43597,694.94538
9.43942,695.19342
9.44280,695.04290
9.44662,696.02511
9.44915,694.98726
9.45227,695.21781
9.45569,695.12667
9.45877,695.43511
9.46232,695.69823
9.46619,695.37635
9.46907,695.67257
9.47312,696.18588
9.47626,695.58301
9.47989,695.94141
9.48273,696.07657
9.48688,695.96538
9.48951,695.82403
9.49367,695.99770
9.49670,695.96604
9.49978,695.71730
9.50309,695.91625
9.50730,696.39465
9.51013,696.52359
9.51360,696.40514
9.51646,695.86980
9.52136,696.77317
9.52299,696.38176
9.52710,696.58629
9.53019,696.02102
9.53374,696.26485
9.53777,696.87221
9.54113,696.93472
9.54398,696.13945
9.54714,696.60961
9.55101,696.69683
9.55402,696.73610
9.55754,696.33783
9.56130,696.81823
9.56402,696.78989
9.56722,696.62225
9.57069,696.78329
9.57362,696.18742
9.57739,697.36174
9.58056,696.92101
9.58449,696.88196
9.58743,696.83052
9.59085,696.91263
9.59468,697.43402
9.59754,696.84174
9.60011,696.63075
9.60417,697.32057
9.60803,697.69576
9.61095,696.72453
9.61424,697.14055
9.61727,697.43084
9.62134,697.69792
9.62463,697.92890
9.62754,697.20277
9.63148,697.90468
9.63467,697.32839
9.63785,697.44412
9.64084,697.57961
9.64442,697.85874
9.64701,697.61038
9.65066,697.93866
9.65359,697.58591
9.65757,697.96771
9.66033,697.72921
9.66408,697.82449
9.66687,697.58138
9.67020,697.80073
9.67487,698.31496
9.67617,697.43677
9.68076,698.34232
9.68382,698.23887
9.68768,698.23272
9.69145,698.30336
9.69532,698.99700
9.69854,698.65350
9.70192,698.26007
9.70469,698.14216
9.70804,698.16443
9.71250,698.85887
9.71571,697.96778
9.71950,699.06911
9.72225,698.32561
9.72500,698.09787
9.72861,698.59652
9.73167,698.53272
9.73535,698.92311
9.73939,698.92229
9.74234,698.90187
9.74573,698.71939
9.74884,698.71486
9.75313,699.56373
9.75579,698.91912
9.75973,699.12113
9.76284,698.67903
9.76583,699.10455
9.76958,699.90265
9.77272,699.19329
9.77578,698.77373
9.77955,699.13998
9.78385,699.49606
9.78686,699.67704
9.78958,699.06088
9.79280,698.98372
9.79664,699.73898
9.80017,699.93907
9.80260,698.67805
9.80641,699.81501
9.81055,699.69878
9.81319,699.37251
9.81650,699.41154
9.81942,699.40480
9.82384,699.80185
9.82645,699.34885
9.82964,700.05838
9.83356,699.83769
9.83684,699.99659
9.84008,699.61203
9.84371,699.97575
9.84686,700.37161
9.84975,699.63903
9.85400,700.00146
9.85673,700.12982
9.86075,700.21480
9.86349,700.20295
9.86709,699.83390
9.87086,700.47556
9.87388,700.42024
9.87673,700.27133
9.88052,700.56876
9.88492,700.46131
9.88703,700.68334
9.89104,700.47126
9.89375,700.52313
9.89778,700.46333
9.90119,700.53280
9.90449,700.82049
9.90826,700.79693
9.91095,700.77576
9.91396,700.68878
9.91713,700.43676
9.92170,701.18039
9.92492,700.86302
9.92817,701.27433
9.93208,701.09445
9.93550,701.23775
9.93848,701.03556
9.94160,700.76136
9.94519,701.08357
9.94847,701.24362
9.95158,701.14067
9.95484,700.80934
9.95860,701.53841
9.96143,700.95866
9.96565,701.29069
9.96874,701.62055
9.97195,701.39079
9.97534,701.91831
9.97932,701.66887
9.98294,701.37900
9.98568,700.91434
9.98950,701.58687
9.99272,701.79563
9.99615,701.79442
9.99968,701.56163
10.00293,701.68910
10.00655,701.98260
10.00980,701.79724
10.01309,702.05990
10.01692,701.69409
10.01963,702.15954
10.02341,702.08327
10.02692,702.09580
10.03023,702.11987
10.03324,701.90872
10.03681,702.10043
10.04062,702.48062
10.04401,702.69450
10.04761,702.27089
10.05060,702.29757
10.05437,702.87707
10.05678,701.62997
10.06125,702.79679
10.06409,701.84769
10.06771,702.73214
10.07123,702.46766
10.07443,702.37834
10.07808,702.36731
10.08124,702.31883
10.08479,702.46516
10.08797,702.71659
10.09152,702.85615
10.09438,702.87621
10.09810,702.73974
10.10193,703.34453
10.10524,702.86341
10.10737,702.78794
10.11201,703.28016
10.11525,702.64535
10.11915,703.73578
10.12225,702.97796
10.12579,703.17629
10.12855,703.03852
10.13253,703.45993
10.13538,702.92880
10.13932,703.36132
10.14221,703.37635
10.14559,703.07523
10.14916,703.68087
10.15272,703.03472
10.15610,703.59796
10.15940,703.63675
10.16254,703.16075
10.16657,703.69706
10.16957,703.35977
10.17250,703.43314
10.17706,704.13391
10.17937,703.65086
10.18377,704.24167
10.18643,703.79234
10.19048,703.23340
10.19301,703.65766
10.19679,703.83351
10.20093,704.13542
10.20381,703.90400
10.20679,704.23830
10.21092,704.30501
10.21384,703.87650
10.21772,704.81984
10.22095,704.04832
10.22460,704.83226
10.22756,704.09779
10.23091,704.29443
10.23537,704.46830
10.23789,704.30349
10.24138,704.20739
10.24484,704.22137
10.24807,704.23405
10.25194,704.35598
10.25493,704.83562
10.25943,704.83802
10.26215,704.79600
10.26562,704.63537
10.26916,704.82083
10.27242,704.75269
10.27517,704.51404
10.27978,705.05829
10.28242,704.65289
10.28632,704.89273
10.28936,704.66511
10.29234,704.40256
10.29622,705.45390
10.30049,705.33803
10.30308,705.05845
10.30716,705.21200
10.31023,705.05668
10.31394,705.35701
10.31652,704.87633
10.32077,705.46784
10.32358,705.03434
10.32774,705.56837
10.33065,705.35164
10.33381,705.36176
10.33753,705.43672
10.34035,705.18681
10.34377,705.20242
10.34768,705.54504
10.35064,705.31221
10.35419,705.67067
10.35747,705.50511
10.36188,706.35030
10.36419,705.52153
10.36789,705.78223
10.37183,706.19174
10.37402,705.42882
10.37887,706.09642
10.38134,705.29115
10.38619,706.01929
10.38858,705.72666
10.39243,705.58193
10.39556,706.21872
10.39922,706.29593
10.40271,706.31285
10.40630,706.08697
10.40864,705.83955
10.41286,706.30061
10.41600,706.13432
10.41940,706.46615
10.42230,706.45930
10.42605,705.98255
10.42953,706.36699
10.43340,706.76373
10.43688,706.37855
10.44076,706.92480
10.44367,706.55982
10.44699,706.24213
10.45023,706.43062
10.45421,706.73272
10.45862,707.36366
10.46121,706.56638
10.46481,706.84066
10.46832,707.05723
10.47132,706.32773
10.47532,707.05724
10.47786,706.73014
10.48151,706.81741
10.48469,706.57343
10.48840,706.79283
10.49181,706.87904
10.49445,706.92367
10.49799,706.82877
10.50196,707.50120
10.50493,706.88026
10.50919,707.39157
10.51219,707.54908
10.51580,707.32345
10.51890,707.40284
10.52270,707.33439
10.52616,707.48226
10.52968,707.24134
10.53337,707.76435
10.53661,707.79831
10.53980,707.83487
10.54320,707.24937
10.54692,707.35685
10.54992,707.18035
10.55323,707.19506
10.55663,708.01654
10.56063,707.39559
10.56364,707.78850
10.56636,707.62801
10.57049,707.77136
10.57385,707.76836
10.57664,708.09842
10.58052,708.16569
10.58366,708.00866
10.58778,708.21068
10.59133,708.30204
10.59505,708.37017
10.59799,707.79693
10.60188,707.98477
10.60478,707.96187
10.60805,708.08473
10.61192,708.61434
10.61503,707.53474
10.61870,708.61176
10.62192,708.38969
10.62517,707.65760
10.62897,708.86192
10.63267,708.70634
10.63606,708.24377
10.63904,708.73835
10.64338,708.61182
10.64621,708.52796
10.64980,708.36231
10.65302,708.49382
10.65669,709.02016
10.66017,708.72722
10.66382,708.77027
10.66635,708.75834
10.67061,708.80073
10.67420,708.69763
10.67676,708.54871
10.68066,708.71027
10.68407,708.96930
10.68738,709.14318
10.69157,709.63662
10.69507,709.58007
10.69855,709.17997
10.70198,709.31328
10.70508,709.32039
10.70821,708.84873
10.71194,709.00257
10.71562,709.29081
10.71846,709.10471
10.72182,709.20455
10.72575,709.73328
10.72934,709.78709
10.73223,708.93750
10.73610,709.36658
10.73937,709.46809
10.74225,709.34331
10.74587,709.69463
10.74998,709.93982
10.75279,709.82385
10.75660,709.56807
10.75995,709.99560
10.76330,709.63591
10.76630,709.76281
10.77083,709.70274
10.77441,710.33838
10.77615,709.19147
10.78054,710.06174
10.78410,710.22767
10.78790,709.74344
10.79024,709.71330
10.79411,710.41345
10.79783,709.81423
10.80086,710.37457
10.80451,709.87913
10.80822,710.47374
10.81243,710.74477
10.81467,709.95800
10.81879,710.72512
10.82174,710.16165
10.82594,710.47488
10.82954,710.84797
10.83249,710.51819
10.83557,710.25959
10.84007,710.85034
10.84325,710.85098
10.84679,710.66589
10.84995,710.91635
10.85355,710.34362
10.85697,710.87754
10.86041,710.52386
10.86360,710.81331
10.86742,710.74520
10.87125,710.91728
10.87398,710.82491
10.87718,710.82955
10.88133,711.30118
10.88467,711.09799
10.88865,711.10002
10.89135,710.65998
10.89476,711.15367
10.89890,711.21786
10.90228,710.90781
10.90517,711.17565
10.90926,711.48366
10.91202,710.92255
10.91570,711.35155
10.91919,711.32264
10.92260,711.85147
10.92656,711.31780
10.92986,711.58790
10.93368,711.36674
10.93695,711.14910
10.94038,712.00588
10.94449,711.80228
10.94777,711.30287
10.95106,711.51720
10.95442,711.16620
10.95753,711.56100
10.96061,711.52162
10.96408,711.80484
10.96693,711.39818
10.97124,711.91429
10.97457,711.54545
10.97828,712.02127
10.98179,712.43213
10.98540,711.81996
10.98834,711.71765
10.99226,712.45205
10.99580,712.26263
10.99967,712.06457
11.00348,712.55135
11.00591,711.82489
11.01059,712.42421
11.01325,712.14113
11.01690,711.91234
11.01999,712.17971
11.02422,712.90589
11.02641,711.97409
11.03101,712.40438
11.03438,712.56325
11.03712,711.96178
11.04053,712.70243
11.04439,712.92739
11.04787,712.63514
11.05194,712.78360
11.05553,712.89676
11.05849,712.14980
11.06169,712.72853
11.06516,712.86417
11.06851,712.64123
11.07236,713.05848
11.07523,712.70462
11.07952,713.28651
11.08268,713.11769
11.08627,713.22346
11.08992,712.93811
11.09329,712.79463
11.09659,713.06115
11.09983,712.74187
11.10266,712.83995
11.10663,713.39974
11.10983,713.13976
11.11322,713.27465
11.11703,713.29204
11.12047,713.74651
11.12424,712.86691
11.12770,713.09699
11.13115,713.74744
11.13557,713.41839
11.13798,713.30847
11.14118,713.71734
11.14517,713.67946
11.14892,713.36954
11.15236,713.78367
11.15531,713.33581
11.15943,713.46237
11.16243,713.69177
11.16654,714.09796
11.16949,713.84679
11.17321,714.25357
11.17635,713.64311
11.18041,713.67955
11.18371,713.64397
11.18666,713.69594
11.19006,714.06203
11.19363,713.80197
11.19683,714.25033
11.20112,713.96510
11.20407,714.42103
11.20812,714.16098
11.21106,714.32211
11.21500,714.29418
11.21813,714.04659
11.22158,714.09084
11.22533,714.59411
11.22836,714.20770
11.23205,714.10914
11.23544,714.07116
11.23942,714.75737
11.24288,714.58078
11.24707,715.32995
11.24979,714.01029
11.25397,714.91933
11.25727,714.86094
11.26010,714.68919
11.26409,714.41478
11.26705,714.58255
11.27056,715.00014
11.27389,714.16498
11.27732,714.78442
11.28145,714.97123
11.28408,714.67561
11.28825,714.80212
11.29148,714.69755
11.29520,715.25693
11.29832,715.06432
11.30207,715.02212
11.30518,714.98589
11.30914,715.02496
11.31260,714.72435
11.31553,715.09569
11.31984,715.27508
11.32249,715.18132
11.32659,715.29686
11.32978,715.43800
11.33320,715.26631
11.33695,715.56107
11.34061,715.19700
11.34327,715.24039
11.34666,714.70019
11.35034,715.74578
11.35370,715.54596
11.35747,715.46730
11.35992,715.06766
11.36479,715.85096
11.36784,715.81575
11.37181,716.04689
11.37491,715.42131
11.37807,715.65480
11.38243,716.21373
11.38561,715.52184
11.38930,715.73760
11.39279,715.78270
11.39579,715.50330
11.39991,716.12195
11.40335,716.42035
11.40660,715.08794
11.41070,716.44907
11.41419,716.08400
11.41747,716.33481
11.42113,716.25275
11.42393,715.89757
11.42834,716.55394
11.43204,716.15069
11.43518,716.15904
11.43861,716.10729
11.44233,716.37368
11.44601,716.60836
11.44956,716.42500
11.45316,716.60947
11.45603,716.17639
11.45991,716.71667
11.46278,716.11529
11.46730,716.84762
11.47032,716.68710
11.47439,716.12557
11.47811,716.97070
11.48099,716.37338
11.48520,717.33952
11.48907,717.22470
11.49162,716.98308
11.49554,716.49789
11.49924,716.72499
11.50201,716.74636
11.50583,716.81046
11.50958,717.18239
11.51276,716.73355
11.51627,716.99668
11.51984,717.18296
11.52358,717.13232
11.52705,717.00041
11.53070,717.20091
11.53391,717.48894
11.53728,717.11463
11.54104,717.24811
11.54459,717.34573
11.54833,717.84205
11.55194,717.14560
11.55476,716.98930
11.55892,717.59243
11.56222,717.54937
11.56568,717.14625
11.56935,717.93160
11.57313,717.17923
11.57683,717.87575
11.58017,717.43302
11.58375,717.59051
11.58670,717.32951
11.59038,717.63865
11.59405,717.41399
11.59762,717.55482
11.60034,717.29251
11.60425,717.90675
11.60817,718.04221
11.61165,717.79017
11.61493,717.90989
11.61834,718.09006
11.62265,718.17312
11.62545,717.47283
11.62934,718.26501
11.63277,718.45056
11.63640,717.84841
11.63904,718.05989
11.64344,718.13723
11.64687,718.34822
11.65040,718.41129
11.65431,718.63348
11.65698,718.22386
11.66087,717.89096
11.66443,718.51344
11.66779,718.32437
11.67203,718.63752
11.67527,718.63134
11.67867,718.49863
11.68189,718.20869
11.68604,718.69708
11.68901,718.44983
11.69157,718.58074
11.69625,718.78168
11.69980,718.93317
11.70395,719.00368
11.70726,718.60813
11.71108,718.94680
11.71351,718.64867
11.71740,718.43588
11.72052,718.58965
11.72487,719.64483
11.72800,719.13970
11.73217,718.92226
11.73517,719.56019
11.73956,719.42745
11.74273,719.27028
11.74620,718.63078
11.75021,719.24133
11.75358,718.55103
11.75682,719.32616
11.76036,718.95264
11.76395,719.35466
11.76778,719.24896
11.77119,719.37106
11.77459,718.80670
11.77840,719.30745
11.78136,719.33558
11.78523,719.39651
11.78850,719.75702
11.79206,719.13840
11.79574,719.48436
11.79951,719.54909
11.80307,719.85807
11.80622,719.79439
11.81015,719.19080
11.81356,720.05650
11.81794,719.91580
11.82158,720.46144
11.82459,719.77552
11.82813,719.62227
11.83139,719.74102
11.83555,720.02658
11.83833,719.75519
11.84290,719.98003
11.84590,719.97071
11.85031,720.25265
11.85312,720.09725
11.85677,719.74218
11.86011,719.78785
11.86387,720.39871
11.86735,720.20181
11.87085,720.26643
11.87467,720.14823
11.87794,720.11818
11.88230,720.33098
11.88506,720.41804
11.88987,720.94371
11.89246,720.33557
11.89612,720.41392
11.89917,720.53067
11.90322,720.17251
11.90673,720.55934
11.90992,720.49452
11.91365,720.07975
11.91777,720.75729
11.92137,720.77701
11.92398,720.57355
11.92830,720.94813
11.93155,720.52608
11.93457,720.48786
11.93831,720.71484
11.94184,720.58900
11.94454,720.78281
11.94887,720.85227
11.95190,721.05892
11.95648,721.16772
11.95921,721.05221
11.96332,721.07927
11.96700,721.23453
11.97043,720.99639
11.97310,720.66207
11.97736,721.03445
11.98143,721.58173
11.98403,721.24731
11.98764,721.12463
11.99143,720.66128
11.99549,721.65800
11.99854,721.03023
12.00252,721.68555
12.00591,721.13918
12.00909,721.41123
12.01276,721.65557
12.01644,720.97032
12.02023,721.57984
12.02349,721.69086
12.02725,721.98635
12.03124,721.68756
12.03427,721.56046
12.03789,721.71874
12.04189,722.05258
12.04575,721.57902
12.04882,721.48089
12.05277,721.95731
12.05583,721.55521
12.06006,721.92872
12.06356,721.91465
12.06716,722.15898
12.07051,721.77585
12.07385,721.70992
12.07709,721.95712
12.08081,722.04537
12.08435,722.68002
12.08883,722.32976
12.09286,722.49276
12.09629,722.16705
12.09924,722.21701
12.10271,721.88933
12.10638,722.20102
12.10990,721.96110
12.11307,722.35844
12.11732,722.22383
12.12029,722.04864
12.12379,722.05480
12.12770,722.74051
12.13147,722.55342
12.13429,722.30367
12.13858,722.66496
12.14177,722.58696
12.14548,722.99759
12.14973,722.86540
12.15288,722.91494
12.15588,722.63713
12.16005,722.81016
12.16288,722.31696
12.16738,723.14442
12.16981,722.70613
12.17417,723.16089
12.17748,723.40606
12.18133,722.65049
12.18457,723.15064
12.18805,722.95530
12.19204,723.23383
12.19540,723.04059
12.19876,722.95937
12.20312,723.53025
12.20670,723.12270
12.20945,723.16231
12.21394,723.50107
12.21738,723.37247
12.22077,723.08960
12.22469,723.62864
12.22823,723.26123
12.23180,723.54309
12.23523,723.58557
12.23880,723.08621
12.24256,723.43452
12.24613,723.37020
12.24985,723.66477
12.25323,723.55804
12.25719,723.61788
12.26097,724.25885
12.26519,723.79806
12.26841,724.09692
12.27202,723.54064
12.27548,723.61152
12.27917,723.94058
12.28230,723.61077
12.28649,723.91579
12.28947,723.77785
12.29380,723.95968
12.29647,723.63986
12.30010,723.74441
12.30418,724.19226
12.30762,724.05386
12.31154,724.10069
12.31447,724.23781
12.31806,724.38786
12.32224,724.37338
12.32571,724.47693
12.32959,724.35312
12.33319,724.41936
12.33716,724.31791
12.34051,724.26934
12.34395,724.46381
12.34723,724.20668
12.35087,724.00321
12.35485,724.83062
12.35896,724.90362
12.36215,724.29034
12.36541,724.40447
12.36963,724.57870
12.37310,724.90561
12.37655,724.36121
12.38006,724.73277
12.38400,724.46949
12.38733,724.82134
12.39137,724.67219
12.39396,724.77176
12.39850,724.64965
12.40193,724.77189
12.40477,724.54678
12.40914,724.91408
12.41173,724.90882
12.41547,725.06822
12.41950,725.04596
12.42337,725.15963
12.42661,724.93591
12.43047,725.06935
12.43384,725.16586
12.43703,725.28112
12.44179,725.43106
12.44541,725.66906
12.44883,724.81279
12.45257,725.54378
12.45613,725.54704
12.46024,725.60285
12.46359,725.00553
12.46671,724.87802
12.47072,725.51142
12.47404,725.64864
12.47738,724.77325
12.48098,725.79294
12.48532,725.52703
12.48899,725.68926
12.49231,725.29476
12.49605,725.60877
12.50020,725.96406
12.50332,725.77950
12.50718,725.78937
12.51083,725.79284
12.51380,725.48969
12.51744,725.25346
12.52079,725.76031
12.52536,725.91858
12.52844,725.82638
12.53208,726.32071
12.53565,726.20081
12.53983,726.03580
12.54375,726.40096
12.54649,725.67778
12.55059,726.06374
12.55433,725.82667
12.55753,725.81757
12.56114,726.48408
12.56477,725.93799
12.56870,726.10224
12.57227,726.35481
12.57655,726.23878
12.57892,726.25614
12.58297,726.49227
12.58669,726.24389
12.59012,726.22099
12.59381,726.62544
12.59780,726.74894
12.60127,726.23600
12.60556,726.49597
12.60872,726.71574
12.61225,726.07932
12.61526,726.52491
12.61988,727.01864
12.62397,726.92346
12.62673,726.62312
12.63094,727.03682
12.63464,726.88416
12.63791,726.80414
12.64210,726.69909
12.64504,726.24839
12.64899,726.57483
12.65178,726.79395
12.65611,726.92318
12.65979,727.14957
12.66349,727.19726
12.66624,727.01423
12.67039,726.99852
12.67412,726.89041
12.67784,727.04769
12.68148,727.24470
12.68481,726.96630
12.68858,727.30955
12.69242,727.15150
12.69559,727.11213
12.69993,727.51078
12.70331,727.05397
12.70748,727.38259
12.71054,727.25681
12.71421,727.38649
12.71833,727.32891
12.72110,727.27620
12.72547,727.97916
12.72864,727.45769
12.73267,728.06930
12.73649,727.34533
12.73996,727.06120
12.74308,727.62165
12.74722,727.62816
12.75123,727.97715
12.75380,727.49969
12.75808,727.67886
12.76155,727.52693
12.76546,727.80314
12.76858,727.58707
12.77275,728.00915
12.77638,727.95697
12.77924,727.78041
12.78337,728.17504
12.78665,727.87118
12.79141,728.29188
12.79424,728.38722
12.79781,728.05823
12.80127,727.65009
12.80526,727.97620
12.80908,728.34300
12.81246,728.40672
12.81568,728.09998
12.82005,728.53830
12.82326,727.98287
12.82716,728.46118
12.83087,728.04844
12.83443,727.92631
12.83828,728.68341
12.84174,728.48910
12.84589,728.62785
12.84960,728.61903
12.85309,728.54427
12.85686,728.48020
12.85996,728.28933
12.86415,728.54386
12.86771,728.77657
12.87133,728.37689
12.87503,728.40733
12.87826,728.36457
12.88241,728.94228
12.88642,729.02195
12.88974,728.54544
12.89376,728.80281
12.89742,728.81113
12.90126,729.33202
12.90517,728.64706
12.90876,729.10152
12.91254,729.39648
12.91637,729.42893
12.92042,729.05989
12.92413,729.52543
12.92828,729.40539
12.93163,729.19638
12.93550,729.35586
12.93939,729.55010
12.94268,729.13728
12.94639,729.09584
12.95010,729.15667
12.95385,729.21816
12.95731,729.16679
12.96099,729.48444
12.96455,729.43824
12.96875,729.48466
12.97232,729.77339
12.97561,729.33361
12.97913,729.31300
12.98279,729.38344
12.98692,730.05110
12.99033,730.06123
12.99416,729.66122
12.99754,729.82793
13.00177,730.27822
13.00470,729.29537
13.00880,729.76138
13.01245,730.14535
13.01614,730.07032
13.01905,729.39480
13.02327,729.79550
13.02674,729.95224
13.03087,730.25944
13.03472,730.26615
13.03831,730.14305
13.04173,729.84878
13.04598,730.35883
13.04949,729.88681
13.05307,730.41643
13.05686,730.54637
13.05954,729.97292
13.06334,730.10825
13.06756,730.12459
13.07103,730.15836
13.07502,730.68136
13.07929,730.45606
13.08324,730.55547
13.08633,730.82903
13.09026,730.64679
13.09396,730.46357
13.09777,730.44572
13.10141,730.55040
13.10515,730.34434
13.10832,730.63300
13.11320,730.84034
13.11585,730.29880
13.12021,731.11917
13.12418,730.44410
13.12765,730.56230
13.13142,730.95159
13.13568,731.41541
13.13930,730.43523
13.14239,730.57995
13.14635,730.68431
13.15003,730.98688
13.15358,731.13860
13.15734,731.11992
13.16105,730.84627
13.16466,731.02971
13.16873,731.00505
13.17241,731.22944
13.17629,731.48027
13.17987,730.96366
13.18363,731.30631
13.18749,731.34446
13.19075,731.22310
13.19433,731.17158
13.19790,731.02133
13.20184,731.33492
13.20567,731.54497
13.20936,731.13153
13.21302,731.54975
13.21608,730.74422
13.22086,731.90383
13.22411,731.28083
13.22758,731.47707
13.23187,731.89135
13.23477,731.09539
13.23915,732.16382
13.24253,731.60071
13.24630,731.52323
13.25001,731.53844
13.25353,731.77670
13.25717,731.72247
13.26121,731.90185
13.26521,731.61132
13.26883,732.10018
13.27276,732.06432
13.27603,732.01058
13.27955,732.21019
13.28386,732.24492
13.28718,731.98705
13.29083,731.80835
13.29438,732.07818
13.29875,732.25437
13.30294,732.55740
13.30599,732.17487
13.30983,732.20552
13.31392,732.53002
13.31737,732.07911
13.32200,732.83436
13.32495,731.91569
13.32894,732.14235
13.33204,732.39607
13.33650,732.66335
13.33982,732.83663
13.34387,732.34253
13.34762,732.31219
13.35097,732.74687
13.35514,732.72077
13.35838,732.14136
13.36216,732.90312
13.36577,732.46683
13.36953,732.49035
13.37317,732.64701
13.37683,733.03376
13.38100,732.59581
13.38422,732.85125
13.38838,732.71405
13.39237,732.78384
13.39572,732.81236
13.39934,732.87508
13.40311,733.09566
13.40756,733.05837
13.41051,732.72084
13.41435,733.20228
13.41843,732.48534
13.42229,733.36836
13.42577,733.06779
13.42930,732.95559
13.43374,733.47563
13.43740,733.41182
13.44102,733.27562
13.44465,733.05601
13.44864,733.16499
13.45252,733.52178
13.45607,733.21896
13.46030,733.19896
13.46357,733.63077
13.46797,733.60241
13.47179,733.84884
13.47536,733.30306
13.47876,733.24448
13.48256,733.31290
13.48648,733.55769
13.49091,733.64169
13.49400,733.72863
13.49746,733.31132
13.50119,733.84455
13.50497,733.68971
13.50954,734.06439
13.51344,734.25611
13.51739,734.01926
13.52124,733.57100
13.52484,734.31309
13.52786,733.47552
13.53200,734.01758
13.53597,734.09265
13.53948,733.49229
13.54402,734.06168
13.54719,734.13542
13.55090,733.87869
13.55517,733.82558
13.55835,734.13303
13.56205,734.08350
13.56607,734.23485
13.56989,734.06700
13.57291,734.12184
13.57722,734.06542
13.58076,734.26552
13.58515,734.60007
13.58949,734.33980
13.59321,734.51086
13.59667,734.76092
13.60012,734.34586
13.60388,734.57383
13.60788,734.62512
13.61143,734.72371
13.61515,734.24959
13.61889,734.55757
13.62247,734.73471
13.62664,734.47208
13.63070,734.98710
13.63428,734.76699
13.63796,734.53780
13.64185,734.97107
13.64577,734.73101
13.64928,734.63839
13.65302,734.78701
13.65683,735.16262
13.66087,734.56319
13.66436,734.90897
13.66852,735.23656
13.67179,735.06310
13.67560,734.97477
13.67941,734.84157
13.68307,735.15076
13.68705,735.17074
13.69057,734.98969
13.69415,735.06418
13.69846,735.10481
13.70204,735.33431
13.70608,735.38677
13.71073,735.64448
13.71394,735.40757
13.71825,735.45087
13.72217,735.57897
13.72549,735.54656
13.72973,735.76344
13.73324,735.16879
13.73768,735.55388
13.74162,735.37762
13.74494,735.33668
13.74875,735.49042
13.75257,735.54800
13.75653,735.61994
13.76015,735.44016
13.76365,735.25622
13.76725,736.10387
13.77104,735.80541
13.77552,735.53783
13.77881,736.33404
13.78249,735.71602
13.78658,736.05330
13.79079,735.80768
13.79398,736.29326
13.79826,735.89390
13.80220,736.24524
13.80507,735.42214
13.81039,736.59305
13.81342,736.26522
13.81736,735.93304
13.82097,735.70595
13.82485,736.23713
13.82832,736.33181
13.83275,736.15090
13.83681,736.47383
13.84054,736.55797
13.84403,736.01299
13.84827,736.58400
13.85153,736.14079
13.85570,736.39587
13.85924,736.13859
13.86273,735.70784
13.86714,736.32134
13.87052,736.33206
13.87420,736.57683
13.87833,736.91250
13.88240,736.49723
13.88602,736.70886
13.88894,736.36166
13.89318,736.54071
13.89711,736.47269
13.90076,736.67510
13.90522,736.86914
13.90857,736.77867
13.91288,736.68645
13.91738,737.00198
13.92066,736.68951
13.92531,736.99500
13.92904,737.16550
13.93321,737.14120
13.93620,736.68247
13.94061,737.01954
13.94461,737.39609
13.94822,737.01778
13.95243,737.45539
13.95547,736.55602
13.95987,736.89876
13.96339,737.73369
13.96774,737.21861
13.97080,736.80048
13.97514,737.13507
13.97830,737.24632
13.98251,737.07928
13.98666,737.46389
13.99008,737.15155
13.99406,737.63953
13.99811,737.37065
14.00123,737.44545
14.00540,737.37764
14.00929,737.67093
14.01327,737.77996
14.01744,737.71412
14.02163,738.07523
14.02489,737.58525
14.02895,737.73653
14.03357,737.94888
14.03643,737.58450
14.04006,737.63429
14.04431,737.95736
14.04830,737.51972
14.05227,738.10689
14.05624,738.06082
14.05993,738.44142
14.06317,737.11752
14.06740,737.93567
14.07140,737.97372
14.07548,737.95503
14.07914,737.93689
14.08246,738.34168
14.08705,737.99944
14.08967,737.62271
14.09420,738.02571
14.09830,738.49474
14.10242,738.34684
14.10585,738.22720
14.10995,738.46946
14.11396,738.48607
14.11814,738.20473
14.12258,738.55229
14.12566,738.06314
14.12959,738.57009
14.13368,738.14111
14.13681,738.04659
14.14087,738.21096
14.14465,738.52442
14.14857,738.55187
14.15254,738.65850
14.15621,738.30661
14.15997,738.41580
14.16455,739.04384
14.16822,738.88546
14.17223,739.00555
14.17578,738.39959
14.18014,739.02297
14.18384,738.96178
14.18786,739.02066
14.19153,738.78389
14.19553,738.81323
14.19923,738.98019
14.20344,738.76650
14.20637,738.64228
14.21097,738.71129
14.21471,739.28256
14.21893,738.92404
14.22248,738.96996
