0.00027,0.26040
0.00214,3.82933
0.00359,7.10289
0.00497,11.26521
0.00682,14.38373
0.00860,18.25657
0.01016,21.50640
0.01194,25.30783
0.01346,28.66635
0.01512,32.69764
0.01747,36.13412
0.01835,39.12193
0.02059,43.07945
0.02201,46.45620
0.02383,49.71565
0.02475,52.96335
0.02667,56.18151
0.02780,58.25589
0.02870,60.78888
0.03028,63.32178
0.03204,67.44209
0.03324,70.36532
0.03468,74.19238
0.03654,77.01703
0.03865,80.91133
0.04029,84.36472
0.04179,88.14875
0.04320,91.83843
0.04614,96.30925
0.04751,99.91047
0.04899,103.30936
0.05019,106.05117
0.05180,109.37433
0.05350,112.62445
0.05496,116.09393
0.05658,119.00793
0.05703,121.77090
0.05959,125.17464
0.06045,128.47556
0.06220,131.89141
0.06452,134.92038
0.06488,137.79996
0.06719,141.22858
0.06820,144.52122
0.06990,147.43318
0.07163,150.81755
0.07282,153.81504
0.07408,156.43650
0.07575,159.76558
0.07747,163.06410
0.07858,165.61964
0.08088,169.15338
0.08154,171.92735
0.08316,174.91993
0.08447,178.63199
0.08621,181.35670
0.08742,184.84677
0.08921,187.86011
0.09057,190.30649
0.09223,193.28027
0.09357,196.66860
0.09497,199.22600
0.09600,202.19002
0.09735,205.75196
0.09894,208.51085
0.10052,211.06179
0.10222,214.09497
0.10334,217.06633
0.10465,219.58850
0.10656,222.51591
0.10680,225.04633
0.10904,228.28425
0.11008,231.36348
0.11145,233.69646
0.11296,236.69126
0.11406,239.32109
0.11506,241.57837
0.11628,244.35520
0.11800,247.00342
0.11871,249.56453
0.11964,251.77236
0.12113,254.81563
0.12267,257.81054
0.12389,260.40268
0.12591,262.57037
0.12706,265.30136
0.12830,267.82749
0.12924,270.10438
0.13014,272.59730
0.13086,274.84289
0.13224,276.59710
0.13307,279.06453
0.13476,281.01350
0.13550,283.27810
0.13704,285.69750
0.13844,288.55934
0.13974,290.61679
0.13979,292.66827
0.14187,295.38700
0.14295,297.60961
0.14374,299.83948
0.14511,301.77752
0.14583,304.13467
0.14764,306.75474
0.14861,309.22762
0.15031,311.52351
0.15047,313.06268
0.15191,315.37557
0.15297,317.29558
0.15391,319.18409
0.15498,321.57417
0.15631,323.78851
0.15734,325.80313
0.15832,327.62302
0.15896,329.81354
0.15991,332.08183
0.16172,334.68935
0.16280,336.16443
0.16350,337.96452
0.16486,340.32103
0.16564,342.57825
0.16666,345.04194
0.16767,347.30596
0.16868,348.85144
0.16993,350.87187
0.17082,353.06377
0.17140,354.66480
0.17273,356.42220
0.17416,358.79921
0.17476,360.68673
0.17588,362.18700
0.17648,364.62285
0.17847,366.50557
0.17916,368.85742
0.17972,370.56506
0.18054,372.58467
0.18227,375.06220
0.18318,376.97279
0.18370,378.98316
0.18502,381.09300
0.18576,382.57306
0.18678,384.65485
0.18721,386.36595
0.18807,387.83321
0.18970,389.86141
0.19013,391.94441
0.19112,393.74304
0.19240,396.05129
0.19246,397.52111
0.19448,399.59028
0.19506,401.48973
0.19552,403.64569
0.19640,404.71633
0.19746,406.91739
0.19867,408.99124
0.19957,411.29229
0.20115,412.79625
0.20205,414.92486
0.20250,416.35474
0.20349,417.91246
0.20488,419.68224
0.20493,421.55803
0.20606,423.22414
0.20644,425.05525
0.20780,426.73997
0.20817,428.76965
0.20989,431.68254
0.21004,432.54128
0.21157,434.70707
0.21235,436.12940
0.21298,438.35312
0.21424,440.07219
0.21595,442.00933
0.21671,444.37821
0.21767,445.68320
0.21822,447.01455
0.21872,448.65657
0.21942,450.21837
0.22035,451.89628
0.22091,453.65493
0.22320,455.57288
0.22317,457.48442
0.22454,458.78410
0.22569,461.27354
0.22675,462.88885
0.22692,464.64182
0.22804,466.40898
0.22871,468.31896
0.23045,470.48178
0.23089,472.51193
0.23143,474.18723
0.23298,475.40049
0.23332,476.55144
0.23391,478.25207
0.23544,479.87640
0.23607,481.79615
0.23709,483.65498
0.23784,485.05054
0.23861,486.93177
0.23975,488.59525
0.24109,490.28200
0.24163,492.11850
0.24300,493.13120
0.24445,495.19655
0.24548,496.60255
0.24664,498.41801
0.24811,500.04350
0.24876,500.94774
0.24926,501.57318
0.25151,502.87080
0.25127,503.67398
0.25329,504.97159
0.25420,505.27757
0.25632,506.05133
0.25730,505.48584
0.25850,505.95506
0.26156,506.29835
0.26179,505.52129
0.26366,504.30623
0.26482,503.14025
0.26471,501.32681
0.26581,499.45888
0.26550,497.73187
0.26428,494.87017
0.26172,491.47101
0.26040,488.62180
0.25844,487.01694
0.25798,485.68985
0.25707,485.32471
0.25676,484.53411
0.25630,484.68637
0.25640,484.60839
0.25628,484.85888
0.25636,485.05825
0.25671,485.09837
0.25670,485.68144
0.25682,485.77016
0.25705,486.18425
0.25796,486.42982
0.25724,486.16592
0.25724,486.10045
0.25685,486.27315
0.25724,486.16405
0.25641,485.33472
0.25635,485.77151
0.25630,485.44606
0.25650,485.96606
0.25593,486.07852
0.25590,486.12315
0.25595,486.29176
0.25652,486.07913
0.25738,487.06273
0.25645,486.69816
0.25602,487.11551
0.25687,487.56646
0.25648,487.10221
0.25621,487.21607
0.25697,487.68218
0.25624,487.39648
0.25680,487.50294
0.25684,487.40040
0.25713,487.34415
0.25704,487.33194
0.25770,487.65294
0.25695,487.45322
0.25743,488.16244
0.25768,487.77476
0.25727,487.88008
0.25811,487.92961
0.25773,488.15747
0.25816,488.22801
0.25764,488.01473
0.25848,488.06656
0.25837,488.45209
0.25842,488.60872
0.25808,489.23558
0.25871,488.86090
0.25867,488.94297
0.25956,488.84106
0.25978,488.51599
0.25968,488.27878
0.26011,488.36312
0.25972,488.30341
0.25977,488.45352
0.26040,488.42475
0.26107,488.85144
0.26150,488.49313
0.26196,488.52644
0.26450,488.12540
0.26491,488.21921
0.26643,487.88851
0.26816,487.69371
0.26980,487.32131
0.27196,486.83484
0.27463,487.08619
0.27717,486.56235
0.28045,486.81541
0.28414,486.51686
0.28745,487.06720
0.29116,486.53327
0.29542,486.33396
0.29844,485.76757
0.30250,486.31480
0.30544,486.13422
0.31111,486.05396
0.31550,485.62457
0.32263,485.99035
0.32798,486.02043
0.33249,486.01095
0.33882,485.86616
0.34454,485.85600
0.35132,486.01150
0.35778,485.37712
0.36394,485.49644
0.37025,485.67499
0.37688,485.68617
0.38217,485.62091
0.38866,486.21220
0.39433,485.83864
0.40173,486.47975
0.40805,486.37496
0.41615,485.84716
0.42391,485.23162
0.43161,484.97827
0.43990,484.63586
0.44833,484.51182
0.45797,484.26596
0.46649,484.30457
0.47501,484.43688
0.48404,484.18655
0.49371,484.10331
0.50360,484.24344
0.51308,483.79066
0.52248,483.73814
0.53182,484.04268
0.54097,483.83638
0.55068,484.11146
0.55920,484.39479
0.56683,484.27018
0.57569,484.79602
0.58385,484.79271
0.59208,485.00884
0.60073,485.16911
0.60913,485.27715
0.61787,485.42217
0.62719,485.81011
0.63564,485.93290
0.64481,485.67642
0.65178,485.59354
0.66048,485.76156
0.66817,485.95446
0.67644,486.02993
0.68485,485.68182
0.69291,486.00117
0.70055,486.27618
0.70869,486.19133
0.71687,486.88200
0.72457,486.62416
0.73325,486.84785
0.74152,486.37290
0.75134,486.31998
0.76125,485.99822
0.77105,485.95090
0.78108,485.88527
0.79265,485.21057
0.80411,484.58889
0.81445,483.90354
0.82602,484.46831
0.83742,483.42414
0.84693,483.68357
0.85697,483.72001
0.86717,483.61781
0.87718,483.36191
0.88673,483.83038
0.89769,483.53917
0.90650,483.03794
0.91486,483.55276
0.92467,483.68442
0.93411,483.76710
0.94448,483.46036
0.95435,483.50020
0.96492,483.24995
0.97439,482.39894
0.98506,482.14097
0.99381,481.97562
1.00422,482.38939
1.01462,481.97211
1.02457,482.64106
1.03413,482.63347
1.04457,481.90952
1.05458,481.80528
1.06493,481.54047
1.07359,481.14474
1.08416,481.34470
1.09341,480.78005
1.10129,481.11925
1.11051,481.40123
1.11895,481.63793
1.12876,481.49719
1.13780,480.99633
1.14574,481.29898
1.15531,481.75862
1.16491,482.02130
1.17373,481.56477
1.18318,481.95724
1.19225,481.65850
1.20099,482.03629
1.20864,482.24812
1.21540,481.59511
1.22259,481.57264
1.22823,481.64910
1.23424,482.04660
1.24033,482.18254
1.24627,482.49252
1.25169,482.95588
1.25762,482.85095
1.26344,483.09510
1.26819,483.03939
1.27256,483.09882
1.27784,484.09007
1.28190,483.52599
1.28626,483.76859
1.28972,484.12568
1.29287,483.73070
1.29522,483.70518
1.29865,483.40667
1.30158,483.71653
1.30487,484.27130
1.30847,483.60727
1.31109,483.43343
1.31412,483.78089
1.31718,483.79505
1.32026,483.51095
1.32339,483.38292
1.32659,484.07975
1.32909,484.45125
1.33141,484.82291
1.33408,485.23214
1.33559,485.56440
1.33801,486.12464
1.34013,486.39186
1.34264,486.77211
1.34503,487.13999
1.34752,487.84984
1.34940,487.90967
1.35160,488.30590
1.35327,487.93018
1.35487,487.93278
1.35677,488.32969
1.35800,488.26756
1.35968,487.98654
1.36018,488.08117
1.36093,487.96882
1.36149,488.11591
1.36217,488.18263
1.36206,488.04034
1.36259,488.22689
1.36318,488.74282
1.36276,488.26501
1.36328,488.37825
1.36322,488.01223
1.36324,488.28595
1.36323,487.88231
1.36315,488.25041
1.36334,487.94143
1.36369,487.89613
1.36425,488.50195
1.36481,489.16976
1.36473,488.84332
1.36393,488.64203
1.36424,489.23177
1.36502,489.67121
1.36488,489.21639
1.36590,489.65693
1.36572,489.53782
1.36573,489.69050
1.36642,490.11802
1.36598,489.76160
1.36594,490.36930
1.36559,489.79923
1.36577,490.10196
1.36579,489.93206
1.36552,490.36389
1.36557,489.69714
1.36586,490.32161
1.36632,490.51324
1.36535,490.26609
1.36609,490.57101
1.36626,490.62142
1.36668,490.69133
1.36604,491.02612
1.36746,490.92768
1.36634,490.44408
1.36679,490.59962
1.36635,490.51805
1.36667,490.93735
1.36630,490.64735
1.36744,490.87304
1.36672,490.41867
1.36656,490.46295
1.36607,490.43000
1.36648,490.46730
1.36666,490.78900
1.36707,491.00871
1.36742,491.37477
1.36716,491.32670
1.36783,491.88489
1.36800,492.21370
1.36820,492.67104
1.36878,493.40702
1.36932,493.64314
1.37037,494.42902
1.37064,494.83169
1.37140,495.50549
1.37267,496.22399
1.37307,496.74983
1.37414,497.15260
1.37500,497.62374
1.37686,498.04240
1.37819,498.93473
1.37980,499.63951
1.38150,499.99050
1.38341,500.67578
1.38633,501.34542
1.38795,501.39163
1.39057,502.45187
1.39342,502.91895
1.39515,502.94826
1.39851,503.69790
1.40074,503.78689
1.40355,504.36082
1.40680,504.91569
1.40932,505.11456
1.41195,505.53490
1.41518,506.02783
1.41737,506.25194
1.42178,507.38272
1.42436,507.40342
1.42797,507.68913
1.42986,508.09595
1.43377,508.58000
1.43678,508.99646
1.44064,509.60669
1.44316,509.45860
1.44718,509.88647
1.44930,510.30862
1.45252,510.50869
1.45531,510.69996
1.45844,511.10410
1.46180,511.76629
1.46544,512.11899
1.46792,512.04139
1.47139,512.78608
1.47463,513.01212
1.47717,513.34194
1.48054,513.48838
1.48312,514.12753
1.48677,514.46448
1.48992,514.47558
1.49214,514.65286
1.49595,515.63169
1.49864,515.63371
1.50176,515.71951
1.50527,515.98963
1.50801,516.56130
1.51071,516.80929
1.51458,517.39069
1.51801,517.82503
1.52040,517.77274
1.52347,518.39143
1.52690,518.29362
1.52972,518.65533
1.53290,519.06779
1.53664,519.63225
1.53914,519.60065
1.54213,519.76698
1.54529,520.73892
1.54811,520.46543
1.55112,520.95672
1.55384,520.83546
1.55671,521.50571
1.55896,521.14308
1.56247,522.61364
1.56596,522.70889
1.56914,522.64806
1.57225,522.61567
1.57464,523.21751
1.57795,523.74690
1.58086,523.81736
1.58344,524.21929
1.58612,524.61528
1.58981,524.87225
1.59243,524.94215
1.59615,525.49508
1.59877,526.09936
1.60215,525.65068
1.60451,526.27686
1.60761,526.47194
1.61073,527.10871
1.61442,527.50947
1.61667,527.41184
1.61999,527.66749
1.62214,528.09759
1.62542,528.37325
1.62797,528.46269
1.63032,528.76423
1.63395,529.24393
1.63680,529.16657
1.63944,529.37355
1.64236,530.24745
1.64571,530.19000
1.64844,530.35450
1.65121,530.99703
1.65341,531.08951
1.65670,531.13093
1.66020,531.73202
1.66287,532.21552
1.66546,532.60171
1.66914,532.46871
1.67173,532.98546
1.67395,533.21792
1.67745,533.33978
1.68107,533.37654
1.68318,534.03029
1.68715,534.67822
1.68943,534.63427
1.69284,534.91329
1.69522,535.05617
1.69895,535.35022
1.70181,535.91696
1.70550,536.28867
1.70748,536.07937
1.71084,536.68577
1.71396,536.82606
1.71670,536.94534
1.71962,537.38931
1.72243,537.79527
1.72544,537.71246
1.72875,538.22838
1.73171,538.61715
1.73412,538.60902
1.73773,539.01774
1.74061,539.61296
1.74439,539.70872
1.74700,539.56927
1.74984,540.37165
1.75337,541.05016
1.75656,541.06986
1.75913,540.95943
1.76278,541.55807
1.76518,541.46366
1.76867,541.96932
1.77142,542.16386
1.77464,542.10304
1.77721,542.75495
1.78041,542.79484
1.78342,543.53512
1.78573,543.63090
1.78935,543.61566
1.79210,544.01343
1.79537,544.47550
1.79818,544.11076
1.80103,544.79636
1.80355,545.07615
1.80666,545.04411
1.81043,545.56171
1.81307,546.13853
1.81711,546.01453
1.81888,546.04453
1.82215,546.58433
1.82555,547.49430
1.82809,546.89539
1.83137,547.68088
1.83423,547.97192
1.83750,548.36918
1.84086,548.65560
1.84293,548.17813
1.84612,549.09280
1.84942,549.24320
1.85295,549.75618
1.85554,549.97083
1.85846,549.75986
1.86104,550.08549
1.86385,550.57082
1.86739,550.84569
1.87037,551.07405
1.87268,551.72712
1.87666,552.20612
1.87921,551.55522
1.88186,551.84710
1.88473,552.43645
1.88734,552.88694
1.89105,552.58771
1.89378,552.94751
1.89710,553.88931
1.90034,553.58264
1.90316,554.00055
1.90523,554.21337
1.90877,554.66690
1.91180,554.47673
1.91438,555.12646
1.91798,555.43508
1.92073,555.73892
1.92416,555.99771
1.92710,556.58933
1.93009,556.29431
1.93386,556.64256
1.93608,557.03859
1.93879,556.93949
1.94197,557.39928
1.94500,557.72398
1.94779,557.93663
1.95129,558.19539
1.95344,558.25608
1.95719,559.02360
1.96005,558.91335
1.96260,559.14514
1.96575,559.32902
1.96860,559.25921
1.97130,560.17627
1.97429,560.37440
1.97753,560.39732
1.98105,560.83031
1.98323,560.94011
1.98713,561.74595
1.99016,561.41798
1.99307,561.73000
1.99579,561.98064
1.99988,562.79582
2.00204,562.34592
2.00469,562.47653
2.00745,563.15982
2.01020,563.10853
2.01383,563.36765
2.01750,564.03620
2.01946,564.03185
2.02271,564.37882
2.02533,564.66547
2.02865,564.46949
2.03154,565.05023
2.03471,565.41782
2.03843,565.79001
2.04098,566.12288
2.04389,566.01794
2.04746,566.26840
2.05047,566.46755
2.05252,566.61032
2.05574,567.13399
2.05884,567.18568
2.06164,567.56336
2.06453,567.72264
2.06828,568.07844
2.07011,568.24018
2.07399,568.62782
2.07732,569.26329
2.08029,569.30964
2.08275,569.34361
2.08662,569.83500
2.08919,569.88990
2.09259,570.00594
2.09535,570.45654
2.09847,570.63583
2.10100,571.04834
2.10434,571.25280
2.10741,570.94325
2.11035,571.26612
2.11284,571.68247
2.11607,571.88906
2.11897,572.45189
2.12229,572.31283
2.12436,572.44046
2.12815,573.44556
2.13132,573.31498
2.13502,573.41297
2.13739,574.10942
2.14089,574.23857
2.14375,574.00403
2.14615,574.79692
2.14996,575.10650
2.15320,575.34512
2.15604,575.40261
2.15938,576.03259
2.16177,575.96791
2.16467,575.66684
2.16795,576.00800
2.17027,576.41437
2.17391,576.53889
2.17693,577.08323
2.17976,577.00215
2.18301,577.11217
2.18597,577.84795
2.18909,578.12574
2.19186,578.16070
2.19513,578.26739
2.19843,578.76605
2.20079,578.46286
2.20366,578.95130
2.20726,579.27193
2.21050,579.57108
2.21289,580.07362
2.21601,580.20035
2.21844,580.50754
2.22229,580.78382
2.22536,580.97920
2.22797,580.88625
2.23143,581.47676
2.23460,581.74767
2.23719,582.03331
2.24103,582.42164
2.24362,582.19046
2.24690,582.71290
2.24919,582.59565
2.25277,583.02608
2.25545,583.21618
2.25824,583.32699
2.26116,583.69804
2.26560,584.02815
2.26711,583.67853
2.27045,584.30226
2.27382,584.77116
2.27591,584.96805
2.27920,585.04174
2.28269,585.72999
2.28615,585.46583
2.28788,585.48900
2.29127,585.84379
2.29453,586.22593
2.29781,586.63064
2.30075,586.79840
2.30431,587.13892
2.30736,587.77147
2.31034,587.64476
2.31368,588.27731
2.31584,587.94933
2.31942,588.21214
2.32261,588.65856
2.32545,588.72276
2.32868,589.44573
2.33091,588.92023
2.33402,589.60853
2.33657,589.48271
2.33977,589.87069
2.34311,590.09766
2.34637,590.43910
2.34867,590.48600
2.35185,590.64210
2.35496,591.10289
2.35813,591.27154
2.36089,591.49161
2.36410,591.46728
2.36682,591.76835
2.36990,592.55683
2.37339,592.62805
2.37588,592.70270
2.37912,592.94056
2.38205,593.00058
2.38548,593.57650
2.38872,593.83466
2.39161,593.81439
2.39501,593.79263
2.39764,594.23863
2.40095,594.40333
2.40453,594.54359
2.40703,595.08558
2.40970,594.84166
2.41279,595.66949
2.41572,595.25347
2.41861,595.68113
2.42145,595.83857
2.42472,596.64088
2.42811,596.61845
2.43046,596.99406
2.43403,597.24452
2.43655,597.33577
2.43947,597.09526
2.44232,597.61712
2.44614,597.92114
2.44978,598.05568
2.45182,598.41118
2.45498,598.73111
2.45789,599.04348
2.46166,599.13016
2.46431,599.09878
2.46757,599.16733
2.47053,599.74150
2.47325,599.94560
2.47619,600.12725
2.47908,600.42006
2.48264,600.51482
2.48483,600.92054
2.48772,600.53178
2.49081,601.59183
2.49504,601.69806
2.49745,601.62179
2.49991,601.79012
2.50337,602.00322
2.50615,602.09019
2.50944,602.57676
2.51288,602.71477
2.51551,602.88005
2.51830,603.42305
2.52122,603.12059
2.52499,604.10452
2.52748,603.79392
2.53059,603.97261
2.53373,604.27528
2.53666,604.40174
2.53964,604.73587
2.54262,604.83862
2.54538,605.06644
2.54870,605.06792
2.55149,605.66311
2.55547,605.75787
2.55825,606.15859
2.56098,606.12991
2.56460,606.40652
2.56710,606.49624
2.56950,606.95815
2.57251,606.87288
2.57563,607.57694
2.57892,607.33973
2.58140,607.55822
2.58511,607.79480
2.58745,608.01554
2.59067,608.12903
2.59378,608.39312
2.59693,609.05491
2.59988,608.99188
2.60262,609.27801
2.60592,609.56269
2.60893,609.79374
2.61233,610.01710
2.61519,610.37306
2.61824,610.40426
2.62135,610.57109
2.62459,610.81441
2.62700,610.95809
2.63047,611.27468
2.63368,611.28131
2.63629,611.40072
2.63962,611.79342
2.64273,611.87150
2.64529,612.05214
2.64862,612.46817
2.65153,612.64839
2.65510,612.78207
2.65770,613.22816
2.66082,613.13067
2.66347,613.61628
2.66661,613.71886
2.66942,613.69714
2.67277,613.78524
2.67607,614.75350
2.67934,614.64485
2.68273,614.60721
2.68521,614.88217
2.68772,615.19758
2.69096,615.47741
2.69431,615.39834
2.69771,615.87209
2.70040,615.87700
2.70384,616.43103
2.70634,616.28204
2.70921,616.78224
2.71248,616.55189
2.71600,617.01193
2.71831,617.09794
2.72178,617.54747
2.72474,617.58820
2.72860,617.89857
2.73127,617.99179
2.73388,618.38154
2.73742,618.53439
2.74007,618.39467
2.74385,619.39616
2.74658,619.05755
2.74910,619.21565
2.75245,619.62243
2.75574,619.66692
2.75836,620.27316
2.76238,620.14835
2.76429,620.40631
2.76775,620.66675
2.77025,620.59193
2.77389,621.18857
2.77726,621.26852
2.78063,621.54806
2.78303,621.39068
2.78635,621.86999
2.78955,622.03788
2.79263,622.49972
2.79551,622.25320
2.79904,622.73546
2.80169,622.85623
2.80485,623.04854
2.80770,623.06629
2.81057,623.70464
2.81354,623.77001
2.81669,623.82201
2.81959,624.08888
2.82276,624.19124
2.82621,624.54538
2.82921,624.56285
2.83235,624.97151
2.83494,625.22396
2.83912,625.30747
2.84118,625.53974
2.84460,625.63257
2.84750,625.89125
2.85038,625.98655
2.85281,625.64081
2.85641,626.52023
2.85965,626.63076
2.86250,626.71095
2.86547,627.05914
2.86872,627.36041
2.87156,627.49392
2.87525,628.01151
2.87809,627.66610
2.88206,628.05907
2.88424,628.58711
2.88810,628.56643
2.89052,628.51287
2.89312,628.61425
2.89731,629.53506
2.90020,629.00605
2.90294,629.28883
2.90544,629.37433
2.90888,629.61682
2.91212,630.03302
2.91501,630.08359
2.91835,630.42871
2.92127,630.53105
2.92385,630.88872
2.92713,631.14606
2.93073,631.13052
2.93343,631.49814
2.93699,631.75482
2.94026,631.63343
2.94232,631.66708
2.94611,632.14576
2.94936,632.39437
2.95180,632.26502
2.95507,632.53870
2.95759,633.01627
2.96045,632.87590
2.96392,633.32797
2.96691,633.72718
2.97041,634.11789
2.97271,634.02193
2.97666,634.42469
2.97913,633.86139
2.98215,634.38480
2.98572,634.77433
2.98863,635.49971
2.99231,635.29504
2.99507,635.26365
2.99825,635.53588
3.00088,635.71200
3.00487,636.16195
3.00828,635.97028
3.01125,636.30474
3.01418,636.31569
3.01667,636.85328
3.02032,637.09635
3.02257,636.92193
3.02612,636.94706
3.02912,637.41865
3.03274,637.45806
3.03581,637.99642
3.03919,638.19204
3.04177,638.18566
3.04497,637.99122
3.04801,638.86238
3.05101,638.68043
3.05421,638.84778
3.05712,638.96548
3.05979,639.15066
3.06296,639.21456
3.06603,639.56096
3.06894,640.05347
3.07232,639.97553
3.07511,640.22224
3.07831,640.48041
3.08210,640.75366
3.08458,640.79744
3.08804,641.18021
3.09063,641.13188
3.09438,641.49884
3.09715,641.60459
3.09971,641.67328
3.10359,641.88854
3.10620,642.15248
3.11012,642.37089
3.11271,642.58317
3.11638,642.96119
3.11952,642.60703
3.12281,642.82749
3.12521,643.26249
3.12753,642.92857
3.13106,643.76350
3.13387,643.68319
3.13729,643.97292
3.13973,644.05137
3.14379,644.27661
3.14737,644.74807
3.14965,644.80898
3.15296,644.81720
3.15637,644.73491
3.15958,645.21495
3.16280,645.95442
3.16639,645.42206
3.16938,645.90116
3.17232,645.64943
3.17495,646.21190
3.17823,646.45028
3.18157,646.63804
3.18406,646.61268
3.18735,646.90278
3.19023,646.98176
3.19414,647.36154
3.19617,647.42664
3.20035,647.71424
3.20275,647.72763
3.20531,647.64514
3.20922,648.42615
3.21193,648.37975
3.21549,648.46506
3.21849,648.81046
3.22133,649.10941
3.22448,648.80687
3.22759,649.43313
3.23071,649.30624
3.23362,649.52222
3.23647,649.79462
3.23953,649.86794
3.24273,650.45954
3.24665,650.67260
3.24957,650.33015
3.25253,650.70920
3.25576,650.86818
3.25870,651.12501
3.26198,650.80712
3.26541,651.47245
3.26753,651.28024
3.27137,651.76466
3.27362,651.81514
3.27746,651.97152
3.28034,652.05582
3.28361,652.39335
3.28681,652.97481
3.29023,652.72778
3.29264,652.77101
3.29527,652.98146
3.29940,653.51852
3.30220,653.92067
3.30571,653.63961
3.30891,653.71819
3.31201,654.07287
3.31520,654.24086
3.31788,654.29964
3.32121,654.56455
3.32489,655.32829
3.32756,655.03464
3.33048,654.88977
3.33395,655.32118
3.33662,655.46424
3.34015,655.61652
3.34366,655.80339
3.34621,656.18228
3.34912,655.81285
3.35250,656.35949
3.35461,656.23189
3.35849,656.63148
3.36170,657.12702
3.36474,656.72627
3.36798,657.22399
3.37162,657.36356
3.37466,657.48522
3.37738,657.71985
3.38052,657.99026
3.38389,658.15689
3.38665,658.24429
3.38980,658.40503
3.39272,658.44042
3.39607,658.76079
3.39844,658.59186
3.40108,658.86320
3.40562,659.08135
3.40796,659.32913
3.41144,659.76512
3.41442,659.72423
3.41811,660.31475
3.42140,660.02691
3.42379,660.28282
3.42720,660.60327
3.43052,660.92202
3.43364,660.46344
3.43607,661.22208
3.44037,661.31630
3.44306,661.67383
3.44604,661.18539
3.44912,661.63842
3.45231,661.83433
3.45529,662.01913
3.45908,662.32969
3.46142,662.39756
3.46518,662.40651
3.46735,662.44307
3.47114,662.84532
3.47429,662.81257
3.47721,663.27689
3.48014,663.53689
3.48403,663.60528
3.48594,663.15696
3.48881,663.84919
3.49260,663.92836
3.49522,663.88421
3.49876,664.54783
3.50150,664.40753
3.50439,664.43483
3.50802,664.98208
3.51095,664.99980
3.51395,665.17862
3.51752,665.21665
3.52005,665.24339
3.52378,665.55723
3.52682,665.98397
3.53043,666.14159
3.53243,665.78448
3.53631,666.21987
3.53879,666.18141
3.54330,667.04415
3.54549,666.70979
3.54900,666.94811
3.55256,667.47231
3.55533,667.02189
3.55826,667.45903
3.56234,667.38034
3.56435,667.59122
3.56753,667.92002
3.57121,668.08673
3.57431,668.31655
3.57699,668.66654
3.58036,668.69069
3.58339,669.01171
3.58696,668.75149
3.59043,669.21424
3.59330,669.31209
3.59658,669.43106
3.59944,669.36566
3.60254,669.48183
3.60547,669.82147
3.60840,669.79128
3.61234,670.06740
3.61499,670.45680
3.61844,670.63261
3.62138,670.64319
3.62401,670.57305
3.62795,671.21979
3.63118,670.86081
3.63417,671.49741
3.63718,671.72454
3.64113,672.19359
3.64425,671.75986
3.64777,671.98080
3.65047,671.85854
3.65407,672.33885
3.65656,672.49173
3.65957,672.66106
3.66295,672.75460
3.66632,672.69038
3.66899,673.25675
3.67273,673.13772
3.67523,673.35066
3.67834,673.45289
3.68198,673.67324
3.68527,673.55960
3.68791,673.96397
3.69180,674.15767
3.69461,674.15104
3.69724,674.55263
3.70021,674.32032
3.70427,675.12510
3.70697,675.13508
3.71024,675.30610
3.71367,675.35622
3.71662,675.47919
3.72009,675.74076
3.72377,675.81065
3.72589,676.12670
3.72949,675.85822
3.73261,676.16649
3.73564,676.34212
3.73868,676.35878
3.74210,676.79319
3.74518,676.90555
3.74851,676.98563
3.75177,677.20006
3.75514,677.55799
3.75842,677.65317
3.76132,677.35435
3.76499,677.58813
3.76776,678.28680
3.77128,677.93465
3.77436,678.25404
3.77746,678.24279
3.78067,678.41740
3.78291,678.62361
3.78704,678.50260
3.79063,679.36684
3.79345,679.51526
3.79679,679.49104
3.80008,679.56433
3.80381,679.95380
3.80671,679.65011
3.80963,679.92524
3.81237,680.20986
3.81614,680.31730
3.81955,680.36594
3.82210,680.59459
3.82517,680.84726
3.82817,680.72499
3.83177,680.91833
3.83483,680.89161
3.83799,681.49424
3.84082,680.95105
3.84445,681.74794
3.84759,682.06110
3.85027,681.78747
3.85362,681.94293
3.85742,682.47574
3.86047,682.38163
3.86329,682.36754
3.86624,682.17297
3.86991,682.63109
3.87334,683.13394
3.87699,683.40846
3.87978,682.98060
3.88319,683.52260
3.88686,683.50024
3.88991,683.53031
3.89247,683.63706
3.89562,683.88866
3.89864,684.37881
3.90167,683.98062
3.90477,684.66056
3.90844,684.56884
3.91110,684.65082
3.91420,684.81448
3.91790,684.89570
3.92125,685.35399
3.92434,685.40782
3.92750,685.46480
3.93093,685.62974
3.93398,685.92863
3.93646,685.60125
3.94003,686.29912
3.94309,686.16087
3.94694,686.15544
3.94957,686.63456
3.95346,686.66147
3.95642,686.79926
3.95940,686.56443
3.96262,686.79440
3.96563,687.34116
3.96956,687.69342
3.97215,687.20302
3.97542,687.34043
3.97898,687.53106
3.98203,688.04833
3.98485,688.04673
3.98879,688.57840
3.99195,688.61862
3.99511,688.39436
3.99865,688.56906
4.00055,688.54582
4.00454,689.09946
4.00714,689.02749
4.01138,689.33808
4.01406,689.41773
4.01750,689.41574
4.02102,689.80672
4.02424,689.66790
4.02773,690.38346
4.03137,690.17004
4.03396,690.10867
4.03772,690.38461
4.04060,690.28411
4.04384,690.79692
4.04738,690.55726
4.04994,690.37542
4.05314,691.22786
4.05675,691.24219
4.05982,691.06061
4.06315,691.54696
4.06627,691.65134
4.06926,691.84305
4.07278,691.84040
4.07573,691.96970
4.07891,692.02470
4.08169,692.40511
4.08554,692.50876
4.08886,693.11318
4.09193,692.84889
4.09594,693.10452
4.09862,692.72234
4.10192,693.26130
4.10532,693.32401
4.10887,693.63087
4.11234,693.86623
4.11450,693.63906
4.11836,693.96076
4.12167,693.82190
4.12495,694.33574
4.12819,694.47620
4.13150,694.64118
4.13447,694.86494
4.13748,694.85308
4.14087,694.91319
4.14470,695.25928
4.14788,695.23016
4.15102,695.09167
4.15353,695.22631
4.15767,695.62124
4.16072,695.85574
4.16420,696.05880
4.16657,695.67858
4.17027,695.95985
4.17316,696.27473
4.17627,696.28754
4.17930,696.41512
4.18291,696.78395
4.18524,696.30264
4.18836,696.67319
4.19214,697.14035
4.19574,697.64402
4.19855,697.20420
4.20193,697.57764
4.20525,697.70465
4.20846,697.67631
4.21190,697.87411
4.21522,698.32986
4.21888,698.61471
4.22196,698.18770
4.22538,698.42452
4.22867,698.63895
4.23123,698.59335
4.23417,698.62168
4.23741,698.60298
4.24075,699.20128
4.24477,699.37082
4.24717,699.16295
4.25135,699.74750
4.25293,699.13911
4.25716,699.87990
4.26025,699.69318
4.26404,699.98096
4.26693,700.14436
4.26974,700.30554
4.27403,700.59719
4.27743,700.67848
4.28016,701.05516
4.28388,701.03288
4.28654,700.74916
4.29027,700.79997
4.29308,701.13930
4.29673,701.45671
4.29977,701.83390
4.30300,701.57644
4.30646,702.07496
4.31005,701.85016
4.31323,701.83987
4.31618,702.23494
4.31907,702.35559
4.32275,702.28148
4.32573,702.77663
4.32904,702.34753
4.33231,702.94693
4.33631,703.12108
4.33864,702.94565
4.34211,703.55849
4.34558,703.43118
4.34831,703.36863
4.35136,703.59333
4.35567,703.89803
4.35845,703.75217
4.36225,704.20461
4.36513,704.14885
4.36837,704.25067
4.37126,704.01421
4.37471,704.48550
4.37790,704.61965
4.38127,704.66968
4.38454,704.85914
4.38825,704.80631
4.39138,705.18211
4.39410,704.97947
4.39650,705.01962
4.40072,705.53359
4.40410,705.77538
4.40758,705.69410
4.41013,706.06246
4.41331,706.12716
4.41745,706.28608
4.42042,706.14912
4.42448,706.69102
4.42707,706.92166
4.43087,706.62422
4.43410,707.26118
4.43720,706.51989
4.44065,707.33888
4.44392,707.32485
4.44704,707.20631
4.44990,707.22123
4.45276,707.40478
4.45642,707.83395
4.45953,707.46519
4.46359,707.98313
4.46635,708.24901
4.46962,707.89099
4.47300,708.43885
4.47651,708.51561
4.47941,708.74809
4.48229,708.46888
4.48654,709.31416
4.48966,708.86012
4.49272,709.09765
4.49676,709.36393
4.49935,709.45161
4.50200,708.99111
4.50586,709.49183
4.50978,709.87621
4.51250,709.73516
4.51624,710.13070
4.51951,710.31143
4.52273,710.27669
4.52613,710.19897
4.52910,710.36804
4.53217,710.59359
4.53571,710.93362
4.53998,710.82463
4.54194,710.87454
4.54566,710.77871
4.54795,711.25638
4.55189,711.07388
4.55547,711.82462
4.55813,711.38559
4.56176,711.67031
4.56506,712.12693
4.56791,711.78546
4.57175,712.19060
4.57529,712.16343
4.57823,712.17960
4.58153,712.30938
4.58451,712.35537
4.58827,712.76803
4.59198,712.99413
4.59400,712.65962
4.59761,712.89586
4.60055,713.14459
4.60452,713.28181
4.60692,713.15897
4.61089,713.66682
4.61401,713.45677
4.61736,713.66844
4.62094,713.64769
4.62445,714.31715
4.62743,714.24290
4.63150,714.45413
4.63393,714.35705
4.63751,714.45227
4.64001,714.55543
4.64402,714.88172
4.64685,714.73352
4.65100,715.23685
4.65367,714.61889
4.65705,715.17958
4.66015,715.05574
4.66392,715.35216
4.66672,715.44893
4.66960,715.37564
4.67330,715.91546
4.67668,715.78346
4.68010,716.23836
4.68285,715.63636
4.68629,716.31112
4.68969,716.21943
4.69344,716.06731
4.69571,716.75444
4.69917,716.83898
4.70307,716.87504
4.70603,717.07529
4.70946,716.98755
4.71325,717.15141
4.71600,717.33941
4.71971,717.63776
4.72244,717.35501
4.72575,717.40502
4.72869,717.54209
4.73264,717.44396
4.73622,717.94690
4.73970,718.08268
4.74220,718.11413
4.74607,718.36486
4.74976,718.71866
4.75324,718.81723
4.75631,718.40693
4.75928,718.56789
4.76171,718.58055
4.76613,718.99480
4.76888,719.22313
4.77250,719.37901
4.77626,719.73212
4.77960,719.48674
4.78265,719.63075
4.78562,719.81331
4.78890,719.94201
4.79256,720.20604
4.79601,720.19546
4.79925,719.92022
4.80262,720.39731
4.80514,720.34839
4.80922,720.62995
4.81293,720.62601
4.81556,720.34001
4.81925,720.65953
4.82228,720.90120
4.82623,721.28856
4.82891,721.09186
4.83238,721.29795
4.83600,721.32050
4.83873,721.33696
4.84242,722.00002
4.84596,721.95921
4.84913,721.70433
4.85298,722.19639
4.85623,722.35467
4.85936,721.95893
4.86280,722.24264
4.86611,722.46751
4.87009,722.58362
4.87332,722.66528
4.87657,723.11757
4.87973,722.75012
4.88232,722.74129
4.88593,723.08731
4.88984,723.30020
4.89283,723.20123
4.89609,723.46185
4.89950,723.65424
4.90277,723.65938
4.90600,723.79427
4.90999,723.98900
4.91328,724.28111
4.91642,724.20421
4.91953,724.08966
4.92320,724.36147
4.92625,724.18005
4.92986,724.78135
4.93298,724.53083
4.93688,724.93504
4.93996,724.85360
4.94316,724.52059
4.94627,725.14876
4.94983,725.14053
4.95302,725.17198
4.95627,725.57673
4.96007,725.91636
4.96308,725.78452
4.96640,725.79982
4.96970,725.74350
4.97277,726.00674
4.97640,726.32323
4.98056,726.03209
4.98282,726.03583
4.98698,726.51948
4.98975,726.61557
4.99282,726.58883
4.99632,726.75078
5.00047,726.98027
5.00352,727.15745
5.00691,727.10595
5.00989,727.18576
5.01413,727.19128
5.01751,727.45033
5.02070,727.41946
5.02406,727.80603
5.02649,728.01839
5.03075,727.88242
5.03353,727.89643
5.03672,727.77672
5.04039,728.11744
5.04317,728.21130
5.04669,728.47430
5.04996,728.13220
5.05391,729.19991
5.05690,728.46076
5.06061,729.04486
5.06380,728.82710
5.06723,728.81405
5.07029,728.95142
5.07382,729.14765
5.07777,729.41768
5.08115,729.62481
5.08390,729.23275
5.08776,729.83879
5.09080,729.91951
5.09423,729.66154
5.09713,729.57266
5.10046,730.21576
5.10396,729.93000
5.10801,730.58751
5.11079,730.32646
5.11451,730.59686
5.11753,730.73560
5.12177,731.04649
5.12458,730.85497
5.12797,730.69480
5.13141,730.97848
5.13470,730.66961
5.13769,731.01276
5.14154,731.29272
5.14442,731.33092
5.14868,731.88954
5.15086,731.27959
5.15491,731.40569
5.15854,731.62061
5.16174,731.95163
5.16486,731.71326
5.16788,732.14740
5.17132,732.27048
5.17564,732.39312
5.17873,732.47612
5.18177,732.37433
5.18467,732.58371
5.18887,732.98963
5.19141,732.58706
5.19508,732.69887
5.19874,733.18473
5.20198,733.33208
5.20660,733.45693
5.20970,733.51298
5.21284,733.32129
5.21608,733.32218
5.21944,733.57705
5.22272,733.91246
5.22593,733.98962
5.22980,733.93366
5.23325,734.08215
5.23551,734.06638
5.23961,734.56475
5.24297,734.28581
5.24670,734.63974
5.25027,734.76035
5.25324,734.48826
5.25658,734.72888
5.26013,734.97321
5.26392,735.16025
5.26716,735.26664
5.27094,735.32895
5.27384,735.09444
5.27748,735.40470
5.28089,735.50802
5.28438,735.62339
5.28719,735.46523
5.29095,735.84006
5.29383,735.89715
5.29732,735.91569
5.30070,735.96424
5.30313,735.73218
5.30691,736.20557
5.31082,736.58024
5.31393,736.26800
5.31814,736.61931
5.32041,736.85415
5.32450,737.03658
5.32771,736.58437
5.33136,736.83894
5.33451,737.07768
5.33797,736.72195
5.34131,737.31738
5.34456,737.52772
5.34843,737.57373
5.35197,737.47113
5.35547,737.72320
5.35906,737.97235
5.36202,737.73995
5.36549,737.74697
5.36904,738.38089
5.37241,738.03504
5.37572,738.11321
5.37923,738.19863
5.38209,738.57097
5.38611,738.48515
5.38992,738.85999
5.39261,738.45032
5.39574,738.94726
5.39996,739.31216
5.40317,738.91529
5.40660,739.06899
5.40951,739.04175
5.41317,739.36736
5.41609,739.18957
5.41950,739.29104
5.42320,739.49941
5.42707,739.64966
5.43011,739.61860
5.43335,739.77093
5.43660,739.88515
5.44006,740.34488
5.44391,740.35186
5.44688,740.06003
5.45051,740.42449
5.45389,740.19114
5.45711,740.44564
5.46056,740.87130
5.46464,740.81229
5.46787,740.81480
5.47144,741.16574
5.47436,741.10155
5.47865,740.87827
5.48186,741.30804
5.48554,741.60653
5.48860,741.03746
5.49245,741.50918
5.49485,741.49948
5.49845,741.76319
5.50204,741.81433
5.50571,741.96323
5.50900,741.90315
5.51229,741.78864
5.51600,742.23228
5.51909,741.94207
5.52192,742.12536
5.52550,742.48059
5.52893,742.56404
5.53255,742.60609
5.53586,742.89544
5.53982,742.77712
5.54248,742.60787
5.54612,742.84642
5.54952,743.38668
5.55306,743.34025
5.55702,743.22683
5.56065,743.38240
5.56399,743.64141
5.56695,743.61178
5.57038,743.80223
5.57436,743.33809
5.57785,743.99164
5.58154,744.17286
5.58519,744.31754
5.58836,743.86828
5.59127,743.72077
5.59416,744.28019
5.59783,744.46400
5.60186,744.40457
5.60473,744.44229
5.60825,744.76582
5.61174,744.63595
5.61514,744.83238
5.61855,744.85867
5.62215,744.92770
5.62601,745.36889
5.62959,745.47344
5.63300,745.24826
5.63653,745.64519
5.63960,745.02318
5.64275,745.41527
5.64631,745.25249
5.64954,745.86132
5.65277,745.39926
5.65587,745.63163
5.65951,745.81742
5.66361,746.32948
5.66681,746.32950
5.67082,746.32829
5.67372,746.60327
5.67728,746.47086
5.68087,746.61866
5.68416,746.28675
5.68796,747.13564
5.69134,746.96520
5.69471,746.79821
5.69797,746.95475
5.70150,746.84435
5.70423,746.86622
5.70833,747.46444
5.71092,747.31210
5.71506,747.67688
5.71778,747.36822
5.72197,747.34370
5.72533,748.00795
5.72915,747.73020
5.73262,748.05246
5.73620,748.29900
5.73967,748.20415
5.74383,748.27127
5.74707,748.08092
5.75065,748.38509
5.75387,748.32838
5.75740,748.42798
5.76035,748.55740
5.76378,748.44018
5.76671,748.79588
5.77082,749.02026
5.77406,748.79358
5.77740,749.02649
5.78081,749.26225
5.78431,748.88575
5.78819,749.20189
5.79152,749.78440
5.79485,749.34653
5.79854,749.71803
5.80229,749.70059
5.80593,749.81338
5.80898,749.89299
5.81186,749.49118
5.81560,749.49472
5.81844,750.27020
5.82270,749.74178
5.82619,750.42030
5.82991,750.35242
5.83285,750.05117
5.83654,750.34312
5.83998,750.68483
5.84339,750.49542
5.84736,750.66003
5.85072,750.90088
5.85390,751.03083
5.85832,751.52144
5.86164,751.15649
5.86402,750.87958
5.86839,751.31699
5.87167,751.12276
5.87562,751.40233
5.87874,751.41758
5.88208,751.77069
5.88557,751.48004
5.88867,751.77954
5.89271,751.57706
5.89624,752.17735
5.89982,752.04238
5.90265,752.28047
5.90684,752.13735
5.91004,752.31562
5.91353,752.16153
5.91676,752.73383
5.92070,752.60794
5.92441,752.58676
5.92763,752.69538
5.93130,752.58080
5.93429,753.18649
5.93822,753.11234
5.94180,753.04317
5.94463,753.08407
5.94838,753.18954
5.95175,752.85457
5.95524,753.57360
5.95876,753.61640
5.96210,753.46466
5.96590,753.71599
5.96951,753.65710
5.97321,753.99811
5.97697,754.20212
5.98028,753.94051
5.98413,754.05177
5.98714,753.85174
5.99020,754.11330
5.99388,754.08578
5.99688,754.21148
6.00016,754.05375
6.00416,754.45149
6.00791,754.68932
6.01133,754.76094
6.01463,754.59604
6.01874,755.08404
6.02169,754.97191
6.02558,755.04911
6.02902,755.11016
6.03267,755.41504
6.03640,755.63109
6.03998,755.38250
6.04364,755.50355
6.04669,755.50956
6.05033,755.52707
6.05391,755.74095
6.05727,755.63964
6.06044,755.95099
6.06438,755.86924
6.06719,756.07710
6.07116,756.31010
6.07464,755.98144
6.07800,755.85700
6.08109,756.05556
6.08379,756.06807
6.08795,756.62874
6.09191,756.56777
6.09543,756.55577
6.09882,757.03644
6.10270,756.97542
6.10569,756.82136
6.10983,757.02600
6.11342,757.13760
6.11684,757.16333
6.12034,757.25081
6.12366,757.50144
6.12732,756.96725
6.13119,758.13063
6.13414,757.56111
6.13681,757.22953
6.14046,757.29498
6.14429,757.73530
6.14765,757.84693
6.15119,758.21641
6.15406,757.73455
6.15893,758.32122
6.16192,758.07869
6.16548,758.12708
6.16883,758.01894
6.17230,758.73018
6.17590,758.56653
6.17935,758.77762
6.18319,758.82586
6.18595,758.38587
6.18970,758.82071
6.19322,758.77901
6.19685,758.73212
6.20103,759.49543
6.20418,759.10212
6.20706,758.98241
6.21098,759.40945
6.21464,759.41178
6.21816,759.67246
6.22169,759.36347
6.22516,759.67900
6.22846,759.86182
6.23193,759.69807
6.23542,760.02071
6.23907,760.16617
6.24240,759.91928
6.24578,760.22367
6.24984,760.18073
6.25325,760.06351
6.25634,760.51574
6.25980,760.36665
6.26363,760.10258
6.26717,760.52552
6.27074,760.87055
6.27430,760.90281
6.27784,760.54704
6.28130,761.32063
6.28573,761.10845
6.28888,761.25104
6.29238,761.10153
6.29602,761.32294
6.29949,761.21293
6.30353,761.76062
6.30639,761.17481
6.31049,762.02791
6.31373,761.31026
6.31734,761.25670
6.32049,761.67669
6.32438,761.74134
6.32747,762.22328
6.33152,761.94555
6.33483,762.03338
6.33894,762.25281
6.34241,762.46579
6.34546,762.40657
6.34980,762.35790
6.35322,762.02048
6.35620,762.36642
6.36043,762.70747
6.36347,762.59442
6.36748,762.86937
6.37065,762.64511
6.37401,762.54341
6.37706,762.64354
6.38014,762.67565
6.38374,762.82263
6.38778,763.18765
6.39065,762.98173
6.39479,763.47266
6.39829,763.41626
6.40265,763.52843
6.40553,763.54425
6.40932,763.65805
6.41242,763.67977
6.41628,763.74089
6.41980,763.93841
6.42331,764.19086
6.42679,763.96221
6.43078,764.26094
6.43373,764.02375
6.43764,764.00613
6.44139,764.18855
6.44405,763.98899
6.44787,764.32283
6.45207,764.48067
6.45504,764.67664
6.45902,764.75896
6.46307,764.71610
6.46636,764.63938
6.46834,764.54397
6.47292,765.11207
6.47682,764.85742
6.47927,764.78533
6.48294,764.89221
6.48695,765.49150
6.49067,765.41773
6.49421,765.46669
6.49813,765.20764
6.50167,765.57169
6.50519,765.46724
6.50855,765.48862
6.51161,765.65814
6.51564,765.63840
6.51849,765.92106
6.52312,766.17541
6.52647,766.40283
6.53048,766.00702
6.53310,765.66541
6.53685,766.48267
6.54079,766.54440
6.54481,766.48552
6.54826,766.34389
6.55104,766.24163
6.55502,766.35969
6.55821,766.58677
6.56209,766.78847
6.56545,766.59466
6.56869,766.66307
6.57243,766.97736
6.57610,767.33308
6.57942,767.11588
6.58382,767.56977
6.58690,767.03291
6.59084,767.39380
6.59374,767.58488
6.59796,767.45556
6.60150,767.27396
6.60466,767.80289
6.60916,767.63653
6.61238,767.81019
6.61595,767.82147
6.61927,767.74455
6.62295,767.96191
6.62661,767.99788
6.63036,767.92679
6.63335,767.93611
6.63742,768.51235
6.64106,768.70141
6.64546,768.80233
6.64840,768.67307
6.65242,768.38883
6.65556,768.57564
6.65941,768.61109
6.66301,768.55698
6.66674,769.05754
6.67023,768.95526
6.67368,769.06467
6.67723,768.99075
6.68146,769.06312
6.68453,769.18003
6.68693,768.47883
6.69126,769.00590
6.69550,769.26613
6.69871,769.50325
6.70240,769.46456
6.70551,769.77427
6.71021,769.76247
6.71342,769.67563
6.71621,769.58534
6.72059,769.96306
6.72399,770.24503
6.72788,769.86246
6.73132,770.20050
6.73470,770.05202
6.73878,770.61954
6.74249,770.46078
6.74597,770.16348
6.74932,770.30268
6.75352,770.66513
6.75602,770.43753
6.76033,770.63910
6.76396,770.80928
6.76732,770.89503
6.77146,770.80450
6.77469,771.44692
6.77869,770.64162
6.78219,771.40147
6.78587,771.28931
6.78957,771.29700
6.79334,771.33019
6.79669,771.22744
6.80027,771.23831
6.80404,771.49247
6.80777,771.65234
6.81105,771.46135
6.81435,771.34422
6.81812,771.84337
6.82152,771.76870
6.82456,771.56258
6.82877,772.08738
6.83242,772.09986
6.83534,772.05682
6.83903,771.84870
6.84214,772.11821
6.84587,772.18755
6.85010,772.58658
6.85342,772.19137
6.85604,772.35002
6.86048,772.74794
6.86457,772.83269
6.86748,772.61692
6.87184,772.92370
6.87465,772.36520
6.87847,772.69132
6.88178,772.92585
6.88521,772.95909
6.88943,773.28782
6.89367,773.23361
6.89608,773.16943
6.89990,773.17641
6.90345,773.25980
6.90772,773.62146
6.91112,773.45193
6.91513,773.75806
6.91825,773.54773
6.92215,773.60643
6.92581,773.56176
6.92902,773.64995
6.93292,774.09964
6.93591,773.64254
6.93976,774.17862
6.94342,774.15649
6.94678,774.04972
6.95031,774.17089
6.95433,774.06669
6.95756,774.19834
6.96120,774.43506
6.96479,774.28400
6.96857,774.60048
6.97218,774.56927
6.97553,774.42545
6.97899,774.93208
6.98318,774.93941
6.98623,774.79585
6.98979,774.86417
6.99371,774.90586
6.99748,775.44650
7.00146,775.34702
7.00558,775.06660
7.00885,775.03319
7.01232,775.53074
7.01591,775.40974
7.01937,774.74101
7.02283,775.50882
7.02649,775.49937
7.02974,775.63318
7.03358,775.67273
7.03847,776.42632
7.04156,776.04294
7.04471,775.73153
7.04877,776.20081
7.05211,776.29759
7.05574,775.89510
7.05906,776.56779
7.06261,776.08981
7.06633,776.16270
7.06979,775.89354
7.07322,776.67158
7.07702,776.52456
7.08030,776.50360
7.08380,776.69023
7.08769,776.55894
7.09122,776.54515
7.09503,776.75931
7.09910,777.05109
7.10266,777.20131
7.10584,776.73899
7.10945,777.34482
7.11392,777.12347
7.11681,777.42530
7.11980,777.08169
7.12411,777.39965
7.12718,777.36908
7.13137,777.45961
7.13418,777.41831
7.13885,777.57116
7.14119,777.01240
7.14534,777.78935
7.14840,777.81514
7.15197,778.09041
7.15525,777.65525
7.16011,778.17322
7.16341,777.88827
7.16768,778.21824
7.17131,778.74285
7.17406,777.90146
7.17857,778.37966
7.18196,778.60773
7.18581,778.42668
7.18963,778.36145
7.19353,778.72920
7.19720,778.46223
7.20044,778.73566
7.20450,778.75700
7.20766,778.70060
7.21206,779.07428
7.21588,779.04094
7.21919,779.04360
7.22270,779.29021
7.22656,779.29309
7.22969,779.06035
7.23387,779.29878
7.23725,779.15667
7.24143,779.37676
7.24497,779.63165
7.24818,779.35019
7.25241,779.55112
7.25638,779.33711
7.25944,779.57849
7.26282,779.82764
7.26659,779.49037
7.27034,780.36368
7.27376,779.71032
7.27796,779.62666
7.28148,779.93238
7.28476,779.87856
7.28914,780.31430
7.29245,780.67885
7.29706,780.64653
7.30032,780.30506
7.30337,780.03495
7.30735,780.58105
7.31193,780.83007
7.31400,780.20384
7.31838,780.70829
7.32211,780.68723
7.32528,780.49260
7.32952,780.76398
7.33270,780.65571
7.33717,781.47012
7.34009,780.99768
7.34381,781.21665
7.34773,781.26757
7.35100,781.37184
7.35493,781.20567
7.35870,781.30937
7.36206,781.28985
7.36595,781.43468
7.36961,781.66584
7.37391,782.00331
7.37695,781.20720
7.38069,781.60892
7.38459,781.70111
7.38795,781.74067
7.39196,781.74859
7.39562,781.96512
7.39918,781.58426
7.40328,782.17788
7.40632,782.30782
7.41033,782.11972
7.41436,782.12779
7.41800,782.75378
7.42140,782.56441
7.42479,782.43060
7.42965,782.63810
7.43305,782.87698
7.43669,782.74222
7.44018,782.55092
7.44407,782.89108
7.44709,782.54202
7.45161,783.26779
7.45504,782.84939
7.45860,782.94991
7.46193,782.92308
7.46564,782.85408
7.47020,783.65947
7.47328,783.20737
7.47740,783.30879
7.48173,783.76600
7.48503,783.15273
7.48881,783.20653
7.49270,783.54968
7.49682,783.74598
7.50025,783.84232
7.50358,783.52325
7.50767,783.75558
7.51103,783.49580
7.51487,783.68055
7.51814,783.89363
7.52228,784.20157
7.52545,784.01216
7.52938,783.80059
7.53312,784.08921
7.53681,783.99920
7.54019,784.22545
7.54394,784.50573
7.54775,784.43666
7.55203,784.72649
7.55555,784.52953
7.55879,784.48454
7.56335,784.84142
7.56646,784.57984
7.57025,784.48593
7.57433,785.05186
7.57797,784.70924
7.58153,785.14743
7.58541,784.97857
7.58910,784.58391
7.59252,785.31307
7.59583,784.99870
7.59971,785.06140
7.60409,785.52538
7.60753,785.63763
7.61101,785.10899
7.61536,785.80461
7.61869,785.41549
7.62264,785.34058
7.62604,785.73120
7.63039,785.71390
7.63400,785.43290
7.63746,785.62371
7.64022,785.71619
7.64517,786.08033
7.64780,785.97260
7.65254,785.88333
7.65506,786.03606
7.65940,786.11620
7.66327,786.22551
7.66679,786.45255
7.67031,786.34478
7.67461,786.08636
7.67893,786.77044
7.68195,786.50072
7.68535,786.20699
7.68959,786.64150
7.69340,786.93482
7.69683,787.02455
7.70074,786.48474
7.70472,787.13076
7.70750,786.42726
7.71241,786.91995
7.71526,786.99046
7.71905,787.02008
7.72264,786.92423
7.72691,787.23618
7.73045,787.30064
7.73404,787.30143
7.73776,787.30110
7.74138,787.34644
7.74514,787.75308
7.74875,787.31840
7.75289,787.55448
7.75661,787.41334
7.75985,787.81144
7.76359,787.43136
7.76728,787.84244
7.77129,787.94345
7.77482,787.86997
7.77891,788.24825
7.78301,788.12733
7.78587,788.02859
7.78974,788.13736
7.79366,788.17898
7.79715,787.85443
7.80072,787.95494
7.80449,788.43343
7.80839,788.54109
7.81219,788.60587
7.81498,788.20317
7.81931,788.57146
7.82290,788.34401
7.82678,788.19566
7.83148,789.13237
7.83407,788.88035
7.83835,789.00994
7.84193,789.17665
7.84589,789.01702
7.84975,788.86169
7.85322,789.04961
7.85683,788.98950
7.86037,789.03718
7.86461,789.09526
7.86834,789.55843
7.87249,789.90909
7.87558,789.60606
7.87998,789.73382
7.88383,789.56391
7.88807,790.10066
7.89120,789.62529
7.89520,789.66271
7.89883,789.87755
7.90252,789.64067
7.90630,789.74005
7.91021,790.07276
7.91376,789.93642
7.91748,790.19273
7.92093,789.85448
7.92507,790.20433
7.92934,790.26690
7.93233,790.39941
7.93638,790.62667
7.94042,790.22655
7.94405,790.62432
7.94753,790.22410
7.95172,790.60696
7.95543,790.56413
7.95965,791.02769
7.96274,790.94122
7.96692,791.01138
7.97111,790.94497
7.97487,791.17767
7.97825,790.78795
7.98205,791.01254
7.98617,791.09387
7.98930,790.70538
7.99230,790.79727
7.99634,790.80236
8.00028,791.06748
8.00430,791.17942
8.00823,791.52844
8.01236,791.38858
8.01576,791.17996
8.02057,792.08474
8.02352,791.48181
8.02696,791.44422
8.03088,791.39819
8.03513,791.81832
8.03830,791.72185
8.04297,791.99034
8.04610,791.90643
8.05009,792.06963
8.05360,792.10074
8.05794,792.15241
8.06136,791.65101
8.06580,792.39232
8.06896,792.10749
8.07298,792.30913
8.07650,792.08700
8.08045,792.62330
8.08450,792.26997
8.08783,792.23039
8.09153,792.57220
8.09554,792.48970
8.09922,792.57252
8.10301,792.77106
8.10685,792.77448
8.11041,792.79796
8.11462,792.87991
8.11841,793.00181
8.12147,792.63125
8.12576,792.94817
8.12929,793.04228
8.13289,793.12438
8.13719,793.51884
8.14114,793.52053
8.14513,793.50829
8.14812,793.43644
8.15270,793.24431
8.15578,793.32963
8.15969,793.83622
8.16456,793.73605
8.16741,793.50545
8.17118,793.41887
8.17516,794.08817
8.17821,793.10221
8.18269,794.10239
8.18645,793.90689
8.18930,793.30818
8.19331,793.48586
8.19741,794.15364
8.20142,794.26135
8.20572,794.10911
8.20874,794.11190
8.21312,794.44270
8.21717,794.54178
8.22028,793.95744
8.22448,794.29145
8.22806,794.34828
8.23183,794.22967
8.23591,794.78113
8.23961,794.39802
8.24406,794.88065
8.24743,794.29560
8.25134,794.64655
8.25547,794.97783
8.25923,794.72108
8.26337,794.89677
8.26642,794.77173
8.27042,794.57875
8.27424,795.21443
8.27805,794.93570
8.28216,794.84933
8.28551,795.01335
8.28968,795.08167
8.29374,795.19932
8.29766,795.87539
8.30101,794.98309
8.30478,795.65825
8.30817,795.42697
8.31270,795.61021
8.31633,795.61687
8.31951,795.20152
8.32342,795.50899
8.32720,795.98832
8.33137,795.44409
8.33516,795.70039
8.33914,795.91746
8.34293,796.10560
8.34625,796.10866
8.35056,795.80155
8.35483,796.30409
8.35821,796.35615
8.36195,796.21692
8.36595,796.27575
8.36979,796.26179
8.37318,796.32747
8.37791,796.55639
8.38197,796.50372
8.38570,796.49645
8.38915,796.28701
8.39333,796.96354
8.39641,796.65353
8.40107,796.78313
8.40413,796.64081
8.40857,797.32413
8.41135,796.77032
8.41577,796.57030
8.41924,796.81829
8.42399,797.01809
8.42792,797.23251
8.43188,797.12661
8.43469,796.83361
8.43894,797.16201
8.44285,797.32171
8.44736,797.64646
8.45095,797.30837
8.45496,797.32870
8.45827,797.11955
8.46199,797.56536
8.46585,797.57641
8.47058,797.69179
8.47395,798.20358
8.47828,797.77530
8.48168,797.67685
8.48583,798.17480
8.48975,798.15620
8.49374,797.99929
8.49793,798.03866
8.50069,798.08171
8.50462,798.08838
8.50859,798.03721
8.51309,798.39988
8.51670,798.29046
8.52040,798.41646
8.52369,798.00341
8.52818,798.68726
8.53231,798.37873
8.53630,798.36483
8.54045,798.50246
8.54344,798.35937
8.54777,798.86533
8.55091,798.84897
8.55514,798.42269
8.55907,798.62094
8.56260,798.50717
8.56730,799.12409
8.57062,798.93103
8.57472,798.85603
8.57836,799.28247
8.58266,798.92603
8.58650,799.14848
8.59000,799.16707
8.59396,799.18549
8.59757,798.78755
8.60182,799.57241
8.60542,799.69331
8.60983,799.38617
8.61383,799.39667
8.61781,799.63926
8.62199,799.69366
8.62553,799.77038
8.63008,799.72951
8.63330,799.75513
8.63703,799.85504
8.64126,799.93682
8.64519,800.08539
8.64912,800.13886
8.65273,799.87115
8.65668,800.19706
8.66021,799.74162
8.66421,800.01817
8.66851,800.58866
8.67137,799.64976
8.67607,800.38668
8.67988,800.47560
8.68426,800.20864
8.68843,800.72588
8.69202,800.56457
8.69527,800.03498
8.69928,800.64648
8.70280,800.36985
8.70719,800.58362
8.71149,800.94240
8.71507,800.82127
8.71936,800.58763
8.72346,800.98223
8.72617,800.69585
8.73065,801.16739
8.73520,800.72105
8.73831,800.84561
8.74213,801.04585
8.74589,801.42669
8.75042,801.60054
8.75395,800.87142
8.75828,801.51504
8.76150,801.23680
8.76648,801.37137
8.76924,801.16985
8.77327,801.38435
8.77676,800.93363
8.78088,801.40881
8.78474,801.52130
8.78942,801.94688
8.79248,801.58263
8.79698,801.75179
8.80003,801.64284
8.80356,801.46745
8.80727,801.76868
8.81130,802.02335
8.81534,801.89820
8.81920,802.08188
8.82292,802.06681
8.82761,802.42152
8.83103,802.12542
8.83464,802.20710
8.83828,802.10741
8.84261,802.38955
8.84657,802.28895
8.85069,802.70106
8.85475,802.56381
8.85806,801.97456
8.86225,802.46704
8.86527,802.68573
8.87039,802.68905
8.87401,802.77046
8.87804,802.70825
8.88195,802.65180
8.88619,802.65965
8.89000,803.13158
8.89413,803.01999
8.89793,802.91649
8.90128,802.89739
8.90613,803.47754
8.90929,802.61031
8.91357,803.41539
8.91742,803.27542
8.92163,802.98691
8.92534,803.10389
8.92984,803.54658
8.93316,803.47328
8.93718,803.16429
8.94097,803.19936
8.94420,803.47315
8.94878,803.41180
8.95207,803.70421
8.95682,803.72727
8.96061,803.93769
8.96469,803.67227
8.96838,803.59872
8.97247,803.99735
8.97626,803.98032
8.98051,803.74554
8.98442,804.06980
8.98843,803.98304
8.99265,804.41627
8.99655,804.01696
8.99957,803.95628
9.00361,804.38274
9.00775,804.18249
9.01168,804.07708
9.01533,804.34846
9.01961,804.54099
9.02402,804.84002
9.02760,804.38573
9.03189,804.75003
9.03476,804.03094
9.03944,804.84247
9.04314,804.55084
9.04645,804.51403
9.05086,804.63651
9.05505,804.88766
9.05956,805.47931
9.06354,805.20289
9.06688,804.72590
9.07072,804.98793
9.07501,804.76379
9.07885,805.11169
9.08223,805.11953
9.08659,804.95927
9.09038,805.12631
9.09381,805.05954
9.09743,805.27984
9.10229,805.19500
9.10590,805.25872
9.11032,805.12592
9.11357,805.23909
9.11842,805.66417
9.12184,805.56302
9.12563,805.62128
9.12998,805.94744
9.13466,805.93801
9.13768,806.10013
9.14256,805.83715
9.14615,806.07329
9.15031,805.75785
9.15390,805.67909
9.15856,805.92475
9.16181,805.75651
9.16587,805.90787
9.16963,806.07704
9.17374,806.42218
9.17820,805.85632
9.18197,806.22542
9.18498,806.16715
9.19009,806.48381
9.19345,806.05026
9.19769,806.62291
9.20146,806.28894
9.20589,806.57179
9.20928,806.31439
9.21293,806.39524
9.21697,806.33966
9.22082,806.58878
9.22419,806.99562
9.22841,806.43878
9.23267,806.67758
9.23567,806.64851
9.24071,806.97613
9.24471,807.01611
9.24821,806.97265
9.25195,807.02538
9.25661,807.11312
9.26052,807.27557
9.26467,807.73781
9.26857,807.21187
9.27236,807.24436
9.27640,807.50823
9.28048,807.06855
9.28463,807.28782
9.28864,807.37936
9.29254,807.28734
9.29640,807.30644
9.30041,807.24921
9.30434,807.66202
9.30788,807.17179
9.31189,807.56553
9.31543,807.39499
9.32041,808.20731
9.32446,807.62259
9.32857,808.12246
9.33274,808.21036
9.33592,807.88448
9.34009,807.59027
9.34391,807.91000
9.34811,808.07997
9.35201,808.11014
9.35550,808.17073
9.35996,808.27258
9.36343,807.83687
9.36760,808.34077
9.37183,808.53290
9.37576,808.50658
9.37927,807.89709
9.38373,808.40638
9.38765,808.57576
9.39138,808.46048
9.39538,808.57112
9.40050,808.75162
9.40456,809.34124
9.40815,808.75875
9.41203,808.57896
9.41600,808.74437
9.41936,808.54406
9.42355,809.16329
9.42794,808.67820
9.43178,808.99979
9.43608,809.07841
9.43955,809.18909
9.44334,808.90576
9.44723,809.10589
9.45215,809.35149
9.45543,809.28039
9.45957,809.58470
9.46383,809.84581
9.46808,809.64510
9.47226,809.38722
9.47667,809.79724
9.48028,809.43463
9.48426,809.26032
9.48808,809.53168
9.49215,809.53224
9.49640,809.50150
9.50057,809.60455
9.50399,809.76742
9.50859,809.97558
9.51205,809.87992
9.51709,809.96884
9.52034,809.90947
9.52470,810.20477
9.52837,809.99056
9.53330,810.26961
9.53655,809.93098
9.54098,810.42863
9.54488,810.11847
9.54908,810.50320
9.55281,809.91402
9.55667,810.36396
9.56103,810.35818
9.56531,810.47777
9.56845,810.15598
9.57323,810.58202
9.57686,810.58968
9.58106,810.33447
9.58517,810.90745
9.58902,810.61867
9.59306,810.23772
9.59646,810.69076
9.60071,810.97871
9.60497,810.77338
9.60888,810.89716
9.61313,811.18275
9.61747,811.19378
9.62100,810.89493
9.62468,810.98785
9.62870,811.10408
9.63312,811.38964
9.63688,811.13263
9.64093,811.22228
9.64481,811.07387
9.64936,811.42996
9.65350,811.50302
9.65730,811.36117
9.66083,811.13333
9.66565,811.76908
9.66968,812.00087
9.67374,811.69154
9.67796,811.81722
9.68121,811.76548
9.68582,811.59867
9.69044,812.13668
9.69327,811.61846
9.69837,811.59143
9.70163,811.31588
9.70567,811.80424
9.71008,811.91993
9.71390,812.13863
9.71836,812.14140
9.72277,812.49518
9.72637,811.91984
9.73038,812.07488
9.73447,812.20706
9.73870,811.91460
9.74299,812.47746
9.74735,812.47711
9.75190,812.82343
9.75623,812.90220
9.75978,812.34383
9.76388,812.13177
9.76769,812.57074
9.77144,812.37525
9.77480,812.30887
9.77952,812.64680
9.78308,812.75984
9.78783,812.81078
9.79166,812.51068
9.79573,813.11725
9.80025,813.14281
9.80477,813.34377
9.80868,812.95461
9.81173,812.90323
9.81650,812.95045
9.81981,813.14821
9.82455,813.05698
9.82813,812.85967
9.83260,813.54542
9.83650,813.29522
9.84108,813.39337
9.84439,813.19964
9.84877,813.48190
9.85298,813.51250
9.85640,813.67845
9.86027,812.94275
9.86488,814.18328
9.87002,813.85191
9.87284,813.73790
9.87758,813.79615
9.88187,813.67288
9.88560,813.65873
9.88974,813.92222
9.89362,813.88807
9.89773,814.07768
9.90173,814.07788
9.90639,814.24089
9.91012,813.92846
9.91382,813.96496
9.91813,814.27664
9.92283,814.30309
9.92680,814.35342
9.93089,814.26932
9.93504,814.23555
9.93957,814.46723
9.94367,814.68129
9.94697,814.31530
9.95110,814.27624
9.95570,814.80050
9.95989,814.71835
9.96418,814.46162
9.96786,814.66124
9.97222,814.57186
9.97654,814.71775
9.97987,814.40872
9.98462,814.90974
9.98796,814.28292
9.99184,814.74134
9.99622,814.81205
10.00020,814.66683
10.00522,815.30516
10.00930,814.83454
10.01251,814.76554
10.01701,815.28366
10.02094,815.53731
10.02592,815.08975
10.02952,815.07743
10.03369,814.99928
10.03727,815.10612
10.04189,815.38811
10.04606,815.24008
10.04997,815.59154
10.05452,815.61978
10.05875,815.69367
10.06237,815.72132
10.06698,815.74234
10.07037,815.20858
10.07473,815.72258
10.07854,815.67986
10.08318,815.72979
10.08788,815.98702
10.09153,815.81521
10.09516,815.22358
10.10053,816.14412
10.10392,815.76440
10.10904,815.91083
10.11256,815.97275
10.11687,816.22475
10.12084,815.81475
10.12522,816.25861
10.12912,815.90996
10.13275,816.13989
10.13759,816.44095
10.14175,816.40415
10.14578,816.24816
10.14933,815.90639
10.15396,816.59474
10.15797,816.30462
10.16252,816.74681
10.16673,816.55703
10.17041,816.61466
10.17522,816.86584
10.17899,816.63103
10.18267,816.60942
10.18695,816.67618
10.19202,817.17529
10.19586,817.20217
10.19990,817.01201
10.20524,817.17486
10.20843,817.16391
10.21302,816.94890
10.21667,817.05302
10.22071,816.93356
10.22451,816.97265
10.22865,817.37989
10.23337,817.08337
10.23708,817.14149
10.24128,816.91528
10.24515,817.25935
10.24980,817.49445
10.25388,817.32178
10.25850,817.66280
10.26237,817.54088
10.26687,817.97743
10.27141,817.34471
10.27526,817.82479
10.27963,817.68914
10.28338,817.54364
10.28762,817.48614
10.29184,817.58551
10.29587,817.75912
10.29924,817.78995
10.30430,818.00281
10.30835,817.83712
10.31260,817.69322
10.31638,818.09216
10.32165,818.36173
10.32529,818.11452
10.32951,818.24767
10.33389,818.33999
10.33803,818.09027
10.34278,818.29379
10.34623,817.93411
10.35055,818.46430
10.35533,818.23793
10.35927,818.67578
10.36281,818.09158
10.36612,818.17505
10.37096,818.43983
10.37494,818.02391
10.37972,819.22639
10.38347,818.53612
10.38846,818.82898
10.39223,818.97768
10.39627,818.81409
10.40086,818.99633
10.40528,819.33260
10.40958,818.97424
10.41340,818.61985
10.41810,819.08450
10.42144,818.98246
10.42596,819.01809
10.43069,819.22727
10.43504,819.21854
10.43845,819.04594
10.44300,818.83410
10.44678,819.30991
10.45106,819.51792
10.45604,819.32320
10.45943,818.89119
10.46378,819.50731
10.46796,819.64247
10.47229,820.01274
10.47647,819.59466
10.48051,819.19940
10.48525,820.03536
10.48915,819.64448
10.49267,818.90440
10.49698,819.95388
10.50159,819.88256
10.50553,819.60740
10.51010,820.35158
10.51359,819.59576
10.51784,820.00119
10.52181,819.58112
10.52580,819.77373
10.52992,819.94499
10.53385,820.29826
10.53855,820.11608
10.54277,820.06707
10.54715,820.41533
10.55098,820.19097
10.55527,820.34078
10.55928,820.05959
10.56390,820.41607
10.56829,820.73759
10.57241,820.64292
10.57696,820.62512
10.58092,820.12421
10.58434,820.11787
10.58905,820.09298
10.59282,820.74686
10.59779,820.91979
10.60191,820.58565
10.60549,820.50205
10.61028,820.85151
10.61495,820.77069
10.61859,820.55407
10.62314,820.77821
10.62824,821.21859
10.63208,820.90336
10.63685,821.09491
10.64085,820.98379
10.64464,821.11484
10.64910,820.83836
10.65311,821.15137
10.65754,820.91287
10.66138,821.26192
10.66638,821.38588
10.67014,821.26059
10.67439,821.62170
10.67855,821.18677
10.68278,821.21782
10.68753,821.52313
10.69166,821.89988
10.69595,821.55750
10.70026,821.68287
10.70388,821.01911
10.70879,821.93717
10.71224,821.24438
10.71701,821.65762
10.72156,822.15303
10.72572,821.51573
10.72963,821.57807
10.73409,822.12810
10.73821,821.91415
10.74259,821.90037
10.74712,821.97808
10.75153,822.02489
10.75531,821.86314
10.75912,821.91357
10.76366,822.08421
10.76799,821.85965
10.77267,822.50575
10.77641,821.91379
10.78100,822.34136
10.78425,822.30341
10.78963,822.47173
10.79403,822.41165
10.79849,822.37585
10.80234,822.07460
10.80687,822.47573
10.81050,822.53596
10.81541,822.10211
10.81883,822.86672
10.82385,822.77907
10.82874,822.43412
10.83379,823.13989
10.83677,822.90687
10.84179,822.67954
10.84537,822.88370
10.85007,822.98936
10.85402,823.00951
10.85879,823.00531
10.86322,822.90234
10.86666,822.77830
10.87111,823.20347
10.87646,823.50582
10.87974,822.81509
10.88434,822.82937
10.88823,823.25710
10.89284,823.49052
10.89650,823.22409
10.90182,823.73061
10.90585,823.27100
10.91063,823.28552
10.91481,823.16589
10.91883,823.47094
10.92348,823.68220
10.92716,823.45606
10.93173,823.64184
10.93525,823.59615
10.94037,823.55015
10.94436,823.47321
10.94861,823.81508
10.95305,823.57645
10.95695,823.35810
10.96143,823.84190
10.96587,823.81038
10.97016,824.06868
10.97494,823.90750
10.97908,824.32927
10.98335,823.95080
10.98692,824.14609
10.99204,824.19109
10.99591,824.05117
11.00111,824.62086
11.00503,823.95894
11.00885,824.20095
11.01318,824.12246
11.01769,824.26607
11.02205,824.32696
11.02637,824.50940
11.03031,824.34428
11.03456,824.29907
11.03886,824.58443
11.04389,824.44022
11.04768,824.86300
11.05234,824.33393
11.05624,824.59832
11.06082,824.51374
11.06516,824.51910
11.06976,824.95403
11.07404,824.73312
11.07809,824.81837
11.08279,825.08852
11.08716,824.95782
11.09102,824.52564
11.09585,825.04818
11.10010,825.00899
11.10487,825.42895
11.10906,825.23634
11.11315,824.99777
11.11751,825.41495
11.12182,824.96196
11.12612,824.83714
11.13031,825.10992
11.13383,824.99326
11.13909,825.65713
11.14333,825.50652
11.14781,825.69865
11.15200,825.47179
11.15574,825.82111
11.16122,825.87400
11.16603,825.98187
11.17019,825.40446
11.17444,825.64138
11.17856,825.32440
11.18358,825.95613
11.18771,826.08779
11.19202,825.66103
11.19615,825.87873
11.20031,825.89718
11.20442,825.68092
11.20984,825.85211
11.21457,826.22103
11.21872,826.05291
11.22256,825.84015
11.22667,825.95988
11.23089,825.98115
11.23553,826.31429
11.24068,826.41261
11.24439,825.98848
11.24873,825.97075
11.25250,826.12678
11.25834,826.55666
11.26168,826.34669
11.26638,826.62635
11.27034,826.23001
11.27544,826.67591
11.27918,826.22239
11.28297,826.13870
11.28803,826.62045
11.29239,826.69368
11.29693,826.83336
11.30181,826.76012
11.30545,826.38493
11.31019,826.98675
11.31467,826.66146
11.31941,826.84825
11.32360,827.21033
11.32737,826.49847
11.33249,827.04556
11.33677,827.01277
11.34058,826.90854
11.34490,827.03036
11.34987,827.47292
11.35388,827.23019
11.35895,827.10094
11.36275,827.18630
11.36613,827.00962
11.37184,827.74530
11.37521,827.07811
11.38038,827.18572
11.38438,827.69413
11.38993,828.02075
11.39386,827.58440
11.39846,827.44904
11.40296,827.67037
11.40688,827.37611
11.41123,827.54062
11.41570,827.56409
11.42019,827.64013
11.42407,827.63289
11.42893,827.34897
11.43322,828.05411
11.43816,828.23736
11.44176,827.83634
11.44674,827.92672
11.45121,828.20121
11.45579,828.26461
11.46012,828.01897
11.46518,828.13360
11.46934,828.00521
11.47330,828.21980
11.47821,827.78505
11.48222,828.35072
11.48706,828.37798
11.49213,828.92384
11.49564,827.79203
11.50052,828.68997
11.50484,828.73337
11.50961,828.38299
11.51385,828.97844
11.51830,828.65645
11.52300,828.55409
11.52724,828.88407
11.53132,828.54842
11.53565,828.76467
11.54081,828.98452
11.54496,828.88104
11.54970,828.77308
11.55359,828.81383
11.55841,829.24525
11.56305,828.81449
11.56695,829.02296
11.57129,828.96440
11.57578,828.86522
11.58061,829.42833
11.58425,828.46905
11.58891,829.12683
11.59371,829.25442
11.59823,828.66865
11.60237,829.10621
11.60611,829.01870
11.61082,828.90843
11.61497,829.11800
11.61949,829.03802
11.62442,829.46898
11.62928,829.64478
11.63315,829.72389
11.63797,829.35273
11.64237,829.49112
11.64649,829.16875
11.65116,829.39907
11.65543,829.86054
11.66009,829.39039
11.66413,829.62256
11.66903,829.72276
11.67355,829.82797
11.67745,829.60725
11.68194,829.85752
11.68733,830.12377
11.69126,829.85871
11.69608,830.42413
11.70082,829.96523
